-- phpMyAdmin SQL Dump
-- version 5.2.0
-- https://www.phpmyadmin.net/
--
-- Host: 127.0.0.1
-- Generation Time: Dec 20, 2022 at 05:10 PM
-- Server version: 10.4.24-MariaDB
-- PHP Version: 8.1.6

SET SQL_MODE = "NO_AUTO_VALUE_ON_ZERO";
START TRANSACTION;
SET time_zone = "+00:00";


/*!40101 SET @OLD_CHARACTER_SET_CLIENT=@@CHARACTER_SET_CLIENT */;
/*!40101 SET @OLD_CHARACTER_SET_RESULTS=@@CHARACTER_SET_RESULTS */;
/*!40101 SET @OLD_COLLATION_CONNECTION=@@COLLATION_CONNECTION */;
/*!40101 SET NAMES utf8mb4 */;

--
-- Database: `prak_project_bd`
--

-- --------------------------------------------------------

--
-- Table structure for table `category`
--

CREATE TABLE `category` (
  `category_id` int(11) NOT NULL,
  `category_name` varchar(50) NOT NULL
) ENGINE=InnoDB DEFAULT CHARSET=utf8mb4;

--
-- Dumping data for table `category`
--

INSERT INTO `category` (`category_id`, `category_name`) VALUES
(1, 'Shampo'),
(2, 'Conditioners'),
(3, 'Hair Spray'),
(4, 'Gel'),
(5, 'Hair Spray'),
(6, 'Blush'),
(7, 'Lipstick'),
(8, 'Bronzer'),
(9, 'Recusandae'),
(10, 'Foundation');

-- --------------------------------------------------------

--
-- Table structure for table `customer`
--

CREATE TABLE `customer` (
  `customer_id` int(11) NOT NULL,
  `customer_name` varchar(100) NOT NULL,
  `customer_phone` varchar(20) NOT NULL
) ENGINE=InnoDB DEFAULT CHARSET=utf8mb4;

--
-- Dumping data for table `customer`
--

INSERT INTO `customer` (`customer_id`, `customer_name`, `customer_phone`) VALUES
(1, 'Budi', '081'),
(2, 'Eko', '082'),
(3, 'Joko', '083'),
(4, 'Adit', '084'),
(5, 'Kevin', '085'),
(6, 'Evert Fay', '+1-828-953-4186'),
(7, 'Hannah Stehr', '1-520-468-0744'),
(8, 'Madisen Schmeler', '325.597.4248'),
(9, 'Antoinette Leannon', '563-901-8050'),
(10, 'Cecil Casper', '934-730-8315'),
(11, 'Viva Collins', '+1-956-841-8305'),
(12, 'Bernadine Moore', '1-414-856-3708'),
(13, 'Rubie Kub', '720-569-6534'),
(14, 'Timmy Keeling', '219.439.6911'),
(15, 'Emerald Bernhard', '(347) 222-4073'),
(16, 'Emile Hessel', '(272) 754-0822'),
(17, 'Judge Price', '1-779-242-1981'),
(18, 'Camren Bernhard', '551.741.4157'),
(19, 'Bianka Schoen', '863-349-9291'),
(20, 'Ronny Prohaska', '959.943.7748'),
(21, 'Oren Macejkovic', '(321) 246-7429'),
(22, 'Ada Beer', '+1-484-213-1650'),
(23, 'Aurelio Green', '(386) 466-8962'),
(24, 'Jasen Kutch', '1-860-999-9979'),
(25, 'Nella Little', '1-615-202-9772'),
(26, 'Eugenia Hauck', '309-693-8871'),
(27, 'Chance Stanton', '(947) 702-8374'),
(28, 'Toney Koelpin', '+15863714939'),
(29, 'Aditya DuBuque', '(814) 768-8948'),
(30, 'Alba Corwin', '1-928-675-0887'),
(31, 'Milo Will', '1-321-213-5443'),
(32, 'Reggie King', '907.307.3215'),
(33, 'Adolph Hermiston', '445-267-7649'),
(34, 'Garrick Goyette', '+1-323-390-6751'),
(35, 'Mina Oberbrunner', '+1-820-716-4542'),
(36, 'Cassandre Baumbach', '585.410.7926'),
(37, 'Christ Carroll', '773.673.2470'),
(38, 'Gia Gibson', '903.349.0045'),
(39, 'Fritz Stokes', '+1 (580) 286-3378'),
(40, 'Estelle Ullrich', '708.598.1472'),
(41, 'Carson Deckow', '1-818-930-6506'),
(42, 'Henriette Balistreri', '+1-567-406-2622'),
(43, 'Maryam Hagenes', '+16813435360'),
(44, 'Nash Schultz', '+1-941-698-9423'),
(45, 'Tessie Ullrich', '580.601.3507'),
(46, 'Titus Franecki', '+1.458.201.6671'),
(47, 'Hailee Wintheiser', '+1-878-288-4699'),
(48, 'Haylee Stehr', '1-619-954-1808'),
(49, 'Emmy Cassin', '(332) 647-9964'),
(50, 'Athena Gulgowski', '+1 (484) 522-8203'),
(51, 'Rosalind Grant', '(239) 419-6038'),
(52, 'Hettie Labadie', '+1.434.502.4508'),
(53, 'Marc Rau', '+1-754-624-9559'),
(54, 'Enrique Lesch', '1-951-519-7101'),
(55, 'Remington Goldner', '+1.385.367.8505'),
(56, 'Nathanial Trantow', '+1 (657) 584-7778'),
(57, 'Garrick Bauch', '+1-513-991-8339'),
(58, 'Alda Moore', '+19206162898'),
(59, 'Bernard Ziemann', '(614) 264-2946'),
(60, 'Gracie Collier', '513.307.9067'),
(61, 'Madie Bartell', '559-677-5829'),
(62, 'Chet Boyer', '917-637-6612'),
(63, 'Scarlett Reichert', '603-867-3132'),
(64, 'King Legros', '(617) 282-5907'),
(65, 'Arlie Balistreri', '+19854225274'),
(66, 'Gaetano Mraz', '+1.980.420.4690'),
(67, 'Connor Bogisich', '952-426-2301'),
(68, 'Felicia McKenzie', '786.646.5396'),
(69, 'Merritt Boehm', '385.694.0911'),
(70, 'Shawna Stokes', '458.625.7469'),
(71, 'Annabel Rolfson', '331-398-2962'),
(72, 'Pearlie Quigley', '+1-706-445-0833'),
(73, 'Elda Bartoletti', '757-605-9187'),
(74, 'Rubye Cartwright', '1-435-293-7181'),
(75, 'Chase Considine', '806.486.2146'),
(76, 'Helmer Kulas', '1-352-226-4351'),
(77, 'Louie Schaefer', '+1-734-974-7907'),
(78, 'Randall Ondricka', '+1-206-776-9197'),
(79, 'Kristina McKenzie', '+17079177286'),
(80, 'Felix Crooks', '+1.870.720.1951'),
(81, 'Anika Koch', '1-814-535-5044'),
(82, 'Elissa Hackett', '+14235209523'),
(83, 'Madison Senger', '+1 (580) 524-7507'),
(84, 'Merritt Roberts', '817-247-8352'),
(85, 'Kenton Brekke', '1-952-996-7058'),
(86, 'Jackeline Konopelski', '+1-985-979-8199'),
(87, 'Ronny Windler', '+18704064369'),
(88, 'Kayley Bosco', '+1 (240) 475-4276'),
(89, 'Eleanore Ziemann', '+1-989-489-4099'),
(90, 'Malcolm Marks', '346-834-3269'),
(91, 'Idella Heathcote', '830-202-0738'),
(92, 'Riley Greenfelder', '+12065551187'),
(93, 'Wayne Green', '(912) 600-8797'),
(94, 'Lauryn Vandervort', '+1 (563) 700-3225'),
(95, 'Kurtis Fay', '251-490-7462');

-- --------------------------------------------------------

--
-- Table structure for table `detail_transaction`
--

CREATE TABLE `detail_transaction` (
  `detail_trans_id` int(11) NOT NULL,
  `detail_prod_id` int(11) NOT NULL,
  `detail_price` int(11) NOT NULL,
  `detail_qty` int(11) NOT NULL
) ENGINE=InnoDB DEFAULT CHARSET=utf8mb4;

--
-- Dumping data for table `detail_transaction`
--

INSERT INTO `detail_transaction` (`detail_trans_id`, `detail_prod_id`, `detail_price`, `detail_qty`) VALUES
(1, 39, 619300, 4),
(1, 70, 774384, 4),
(1, 115, 231138, 1),
(1, 195, 1193960, 5),
(2, 58, 284874, 1),
(2, 68, 560260, 2),
(2, 97, 384600, 1),
(2, 187, 538752, 2),
(3, 45, 314364, 4),
(3, 58, 1424370, 5),
(3, 97, 1153800, 3),
(3, 149, 1628450, 5),
(4, 145, 1401412, 4),
(5, 20, 250466, 2),
(5, 29, 550674, 3),
(5, 48, 529504, 2),
(5, 134, 221631, 3),
(5, 183, 815304, 3),
(6, 15, 559428, 2),
(6, 178, 798885, 3),
(7, 21, 54472, 1),
(7, 66, 115048, 2),
(7, 181, 782685, 3),
(8, 30, 1151992, 4),
(8, 73, 150261, 1),
(8, 124, 971004, 3),
(8, 133, 805710, 3),
(9, 46, 993195, 5),
(9, 79, 151200, 2),
(9, 116, 269142, 2),
(10, 12, 941049, 3),
(10, 16, 1484704, 4),
(10, 128, 918104, 4),
(11, 6, 160176, 3),
(11, 116, 269142, 2),
(11, 160, 94998, 2),
(11, 169, 731230, 2),
(12, 40, 289496, 2),
(12, 50, 478084, 2),
(12, 90, 615795, 5),
(13, 37, 1666845, 5),
(13, 60, 99583, 1),
(14, 90, 246318, 2),
(14, 94, 839337, 3),
(14, 107, 970055, 5),
(15, 6, 106784, 2),
(15, 81, 436340, 4),
(15, 143, 1578645, 5),
(16, 154, 705300, 5),
(17, 20, 125233, 1),
(17, 155, 517576, 2),
(18, 1, 951504, 4),
(18, 83, 458352, 2),
(18, 133, 1074280, 4),
(18, 161, 1005568, 4),
(19, 35, 260352, 1),
(19, 89, 399522, 3),
(19, 93, 255790, 5),
(20, 57, 253464, 3),
(20, 90, 492636, 4),
(20, 196, 1203835, 5),
(21, 133, 537140, 2),
(21, 186, 757548, 3),
(21, 187, 538752, 2),
(22, 159, 776815, 5),
(22, 160, 142497, 3),
(23, 2, 434888, 2),
(23, 16, 371176, 1),
(23, 93, 255790, 5),
(23, 134, 73877, 1),
(24, 83, 458352, 2),
(24, 101, 1079190, 5),
(24, 158, 95274, 3),
(25, 57, 168976, 2),
(25, 111, 441390, 3),
(25, 175, 862035, 5),
(25, 193, 381767, 1),
(26, 96, 119873, 1),
(26, 99, 532785, 3),
(27, 146, 131268, 3),
(27, 159, 621452, 4),
(27, 186, 1010064, 4),
(28, 34, 73419, 1),
(28, 151, 207472, 1),
(29, 16, 1113528, 3),
(29, 88, 452898, 2),
(30, 94, 279779, 1),
(31, 66, 57524, 1),
(31, 96, 239746, 2),
(31, 154, 705300, 5),
(32, 28, 267354, 2),
(32, 65, 122606, 2),
(33, 120, 1517480, 5),
(34, 21, 54472, 1),
(34, 40, 434244, 3),
(34, 188, 80999, 1),
(35, 181, 521790, 2),
(36, 56, 831585, 5),
(36, 100, 641726, 2),
(37, 65, 183909, 3),
(37, 96, 479492, 4),
(37, 121, 511083, 3),
(37, 142, 138285, 3),
(37, 183, 271768, 1),
(38, 108, 730716, 4),
(38, 178, 798885, 3),
(39, 110, 310516, 2),
(39, 145, 1751765, 5),
(39, 173, 476403, 3),
(39, 179, 171537, 1),
(40, 5, 831492, 4),
(40, 12, 627366, 2),
(40, 56, 498951, 3),
(41, 53, 1915540, 5),
(41, 84, 395982, 3),
(41, 179, 171537, 1),
(42, 156, 873885, 5),
(42, 161, 502784, 2),
(43, 70, 580788, 3),
(44, 106, 94708, 2),
(45, 94, 839337, 3),
(45, 131, 276236, 4),
(45, 136, 49392, 1),
(45, 148, 135400, 2),
(45, 153, 89454, 2),
(46, 155, 1293940, 5),
(46, 178, 266295, 1),
(47, 25, 304823, 1),
(47, 53, 1915540, 5),
(47, 77, 1452236, 4),
(48, 77, 1815295, 5),
(48, 164, 640038, 2),
(49, 185, 132204, 3),
(49, 191, 605112, 3),
(49, 192, 679968, 3),
(50, 28, 133677, 1),
(50, 94, 839337, 3),
(50, 119, 1561950, 5),
(51, 84, 131994, 1),
(51, 96, 479492, 4),
(52, 73, 601044, 4),
(53, 83, 687528, 3),
(53, 102, 277132, 1),
(53, 125, 362475, 5),
(53, 165, 1574280, 4),
(53, 185, 132204, 3),
(54, 28, 401031, 3),
(54, 45, 314364, 4),
(54, 141, 1711770, 5),
(54, 172, 107340, 2),
(55, 50, 956168, 4),
(55, 63, 156519, 3),
(55, 93, 51158, 1),
(55, 174, 207437, 1),
(56, 126, 372126, 1),
(56, 177, 564232, 4),
(57, 58, 569748, 2),
(57, 74, 1420265, 5),
(57, 111, 294260, 2),
(57, 174, 1037185, 5),
(57, 185, 132204, 3),
(58, 15, 1118856, 4),
(58, 184, 268549, 1),
(59, 3, 1232316, 4),
(59, 34, 146838, 2),
(59, 38, 471008, 2),
(60, 158, 63516, 2),
(61, 17, 1895060, 5),
(61, 137, 1435505, 5),
(62, 184, 268549, 1),
(63, 138, 190424, 2),
(63, 173, 635204, 4),
(63, 185, 44068, 1),
(64, 73, 751305, 5),
(65, 64, 305689, 1),
(65, 67, 995748, 4),
(65, 178, 266295, 1),
(66, 81, 545425, 5),
(67, 58, 1424370, 5),
(67, 149, 1628450, 5),
(68, 27, 611496, 4),
(68, 82, 39640, 1),
(68, 111, 294260, 2),
(68, 134, 369385, 5),
(69, 10, 710920, 2),
(69, 43, 1166508, 4),
(69, 114, 1385620, 4),
(70, 73, 150261, 1),
(70, 173, 158801, 1),
(71, 10, 355460, 1),
(71, 35, 260352, 1),
(71, 151, 1037360, 5),
(72, 20, 375699, 3),
(72, 172, 53670, 1),
(72, 189, 1584528, 4),
(73, 10, 1777300, 5),
(74, 1, 475752, 2),
(74, 14, 784200, 5),
(74, 94, 1119116, 4),
(74, 168, 731428, 2),
(74, 178, 798885, 3),
(75, 112, 395343, 1),
(75, 135, 462528, 2),
(75, 147, 301545, 3),
(75, 189, 1980660, 5),
(76, 10, 1777300, 5),
(76, 54, 278856, 3),
(77, 126, 1860630, 5),
(77, 143, 315729, 1),
(77, 178, 1065180, 4),
(77, 192, 679968, 3),
(78, 182, 1764675, 5),
(79, 40, 578992, 4),
(79, 96, 239746, 2),
(80, 84, 527976, 4),
(80, 144, 1217560, 4),
(80, 153, 44727, 1),
(80, 169, 1828075, 5),
(81, 50, 717126, 3),
(81, 172, 268350, 5),
(81, 190, 1404968, 4),
(82, 106, 94708, 2),
(82, 189, 1980660, 5),
(83, 14, 627360, 4),
(83, 31, 81726, 3),
(83, 186, 252516, 1),
(84, 11, 1133084, 4),
(84, 138, 190424, 2),
(85, 4, 196885, 5),
(85, 114, 1039215, 3),
(86, 159, 776815, 5),
(86, 179, 343074, 2),
(87, 32, 400206, 2),
(87, 61, 306161, 1),
(87, 192, 679968, 3),
(88, 124, 971004, 3),
(89, 20, 375699, 3),
(89, 152, 211495, 5),
(90, 80, 1525132, 4),
(90, 107, 582033, 3),
(90, 159, 155363, 1),
(90, 166, 227316, 4),
(91, 1, 237876, 1),
(91, 16, 1113528, 3),
(91, 192, 453312, 2),
(92, 27, 764370, 5),
(92, 74, 1420265, 5),
(93, 23, 363524, 1),
(93, 72, 783155, 5),
(93, 103, 786104, 4),
(93, 149, 977070, 3),
(94, 154, 282120, 2),
(95, 39, 774125, 5),
(95, 103, 982630, 5),
(95, 139, 783725, 5),
(96, 16, 1855880, 5),
(96, 78, 57915, 1),
(97, 85, 151250, 1),
(98, 23, 1090572, 3),
(98, 110, 155258, 1),
(98, 122, 273148, 4),
(98, 191, 403408, 2),
(99, 26, 779208, 2),
(99, 35, 260352, 1),
(99, 96, 599365, 5),
(99, 131, 207177, 3),
(100, 45, 157182, 2),
(100, 50, 717126, 3),
(100, 116, 403713, 3),
(100, 136, 98784, 2),
(100, 184, 268549, 1),
(101, 51, 767307, 3),
(101, 64, 1222756, 4),
(101, 169, 731230, 2),
(102, 30, 575996, 2),
(102, 81, 218170, 2),
(102, 149, 1302760, 4),
(102, 194, 1390970, 5),
(103, 7, 364270, 2),
(103, 126, 1116378, 3),
(103, 131, 276236, 4),
(104, 69, 668864, 2),
(104, 89, 133174, 1),
(104, 161, 251392, 1),
(105, 1, 951504, 4),
(106, 184, 1342745, 5),
(107, 15, 279714, 1),
(107, 37, 333369, 1),
(107, 56, 166317, 1),
(107, 177, 564232, 4),
(108, 3, 616158, 2),
(108, 58, 1424370, 5),
(108, 71, 655632, 3),
(108, 78, 115830, 2),
(109, 57, 253464, 3),
(109, 79, 302400, 4),
(109, 131, 138118, 2),
(110, 7, 182135, 1),
(110, 20, 125233, 1),
(110, 63, 208692, 4),
(110, 181, 1304475, 5),
(111, 19, 687522, 3),
(111, 21, 272360, 5),
(111, 56, 332634, 2),
(112, 70, 580788, 3),
(112, 78, 289575, 5),
(113, 40, 144748, 1),
(113, 92, 96200, 2),
(113, 178, 1331475, 5),
(114, 16, 1113528, 3),
(114, 31, 81726, 3),
(114, 57, 337952, 4),
(114, 108, 730716, 4),
(115, 14, 627360, 4),
(116, 23, 363524, 1),
(116, 148, 135400, 2),
(116, 187, 538752, 2),
(117, 22, 813675, 3),
(117, 181, 782685, 3),
(118, 110, 465774, 3),
(119, 34, 293676, 4),
(119, 121, 511083, 3),
(119, 151, 829888, 4),
(120, 72, 783155, 5),
(120, 84, 395982, 3),
(120, 86, 293062, 1),
(120, 185, 220340, 5),
(121, 88, 1132245, 5),
(121, 150, 1980385, 5),
(121, 151, 414944, 2),
(122, 30, 1439990, 5),
(122, 65, 183909, 3),
(122, 118, 183444, 3),
(123, 62, 388723, 1),
(123, 77, 1815295, 5),
(124, 33, 540570, 3),
(125, 37, 1333476, 4),
(125, 56, 831585, 5),
(125, 139, 313490, 2),
(125, 153, 44727, 1),
(126, 37, 1666845, 5),
(126, 124, 647336, 2),
(126, 163, 162513, 1),
(127, 25, 1219292, 4),
(128, 98, 365290, 5),
(128, 151, 622416, 3),
(129, 100, 320863, 1),
(129, 146, 131268, 3),
(129, 158, 127032, 4),
(130, 38, 942016, 4),
(130, 88, 1132245, 5),
(130, 106, 142062, 3),
(131, 184, 1074196, 4),
(131, 195, 716376, 3),
(132, 45, 314364, 4),
(132, 193, 1527068, 4),
(132, 195, 1193960, 5),
(133, 18, 217041, 3),
(133, 26, 779208, 2),
(133, 180, 948808, 4),
(133, 182, 352935, 1),
(134, 6, 160176, 3),
(134, 54, 185904, 2),
(135, 83, 1145880, 5),
(135, 93, 255790, 5),
(135, 119, 312390, 1),
(136, 71, 874176, 4),
(136, 160, 142497, 3),
(137, 50, 956168, 4),
(137, 52, 1427836, 4),
(137, 53, 1915540, 5),
(137, 95, 169424, 4),
(138, 11, 1133084, 4),
(138, 199, 429396, 2),
(139, 145, 350353, 1),
(140, 86, 879186, 3),
(140, 103, 982630, 5),
(141, 124, 647336, 2),
(142, 95, 211780, 5),
(143, 45, 235773, 3),
(143, 114, 1039215, 3),
(144, 124, 323668, 1),
(144, 180, 474404, 2),
(145, 13, 1402804, 4),
(145, 18, 217041, 3),
(145, 199, 1073490, 5),
(146, 27, 611496, 4),
(146, 75, 169719, 3),
(146, 167, 181505, 1),
(146, 168, 1097142, 3),
(147, 43, 1166508, 4),
(147, 86, 293062, 1),
(148, 52, 1070877, 3),
(148, 59, 229269, 1),
(148, 114, 346405, 1),
(148, 148, 203100, 3),
(149, 21, 217888, 4),
(149, 27, 305748, 2),
(149, 58, 1139496, 4),
(149, 93, 51158, 1),
(150, 65, 306515, 5),
(150, 103, 196526, 1),
(150, 131, 69059, 1),
(151, 14, 784200, 5),
(151, 62, 1943615, 5),
(151, 114, 1732025, 5),
(151, 175, 689628, 4),
(152, 67, 1244685, 5),
(153, 91, 477807, 3),
(153, 110, 155258, 1),
(153, 185, 44068, 1),
(154, 57, 253464, 3),
(154, 62, 1943615, 5),
(154, 95, 211780, 5),
(154, 150, 1584308, 4),
(155, 91, 159269, 1),
(155, 120, 1213984, 4),
(156, 23, 1817620, 5),
(156, 61, 1530805, 5),
(156, 82, 39640, 1),
(157, 83, 916704, 4),
(157, 92, 144300, 3),
(158, 7, 546405, 3),
(158, 176, 1478865, 5),
(158, 193, 381767, 1),
(159, 90, 369477, 3),
(159, 118, 183444, 3),
(160, 59, 917076, 4),
(160, 69, 1003296, 3),
(160, 146, 87512, 2),
(161, 12, 627366, 2),
(161, 77, 1815295, 5),
(161, 95, 127068, 3),
(162, 107, 388022, 2),
(162, 128, 688578, 3),
(162, 187, 538752, 2),
(163, 50, 717126, 3),
(164, 38, 942016, 4),
(164, 85, 605000, 4),
(164, 193, 381767, 1),
(165, 57, 422440, 5),
(165, 66, 115048, 2),
(165, 94, 839337, 3),
(165, 163, 812565, 5),
(166, 36, 1115630, 5),
(166, 117, 266526, 1),
(166, 118, 183444, 3),
(167, 116, 672855, 5),
(168, 75, 56573, 1),
(168, 77, 726118, 2),
(169, 107, 388022, 2),
(169, 172, 161010, 3),
(170, 7, 364270, 2),
(170, 16, 742352, 2),
(170, 138, 285636, 3),
(171, 18, 72347, 1),
(171, 94, 839337, 3),
(171, 99, 887975, 5),
(171, 122, 273148, 4),
(172, 57, 84488, 1),
(172, 105, 296068, 4),
(173, 144, 913170, 3),
(173, 147, 502575, 5),
(174, 84, 395982, 3),
(174, 172, 161010, 3),
(174, 177, 705290, 5),
(175, 185, 176272, 4),
(175, 188, 80999, 1),
(176, 32, 400206, 2),
(176, 93, 255790, 5),
(176, 180, 237202, 1),
(177, 53, 1915540, 5),
(177, 69, 668864, 2),
(177, 123, 208335, 5),
(177, 192, 1133280, 5),
(178, 59, 458538, 2),
(178, 82, 118920, 3),
(178, 118, 305740, 5),
(178, 163, 650052, 4),
(179, 14, 784200, 5),
(179, 98, 219174, 3),
(180, 22, 271225, 1),
(180, 61, 612322, 2),
(180, 151, 414944, 2),
(181, 55, 172320, 1),
(181, 59, 687807, 3),
(181, 173, 317602, 2),
(182, 23, 363524, 1),
(182, 92, 96200, 2),
(182, 165, 1180710, 3),
(182, 200, 1269130, 5),
(183, 74, 1136212, 4),
(183, 133, 537140, 2),
(184, 11, 283271, 1),
(184, 61, 918483, 3),
(184, 197, 1484036, 4),
(185, 55, 344640, 2),
(185, 126, 1116378, 3),
(185, 141, 684708, 2),
(186, 40, 289496, 2),
(186, 68, 280130, 1),
(186, 129, 97344, 1),
(187, 42, 105107, 1),
(187, 55, 172320, 1),
(188, 21, 108944, 2),
(188, 49, 971439, 3),
(188, 98, 219174, 3),
(188, 119, 1249560, 4),
(189, 2, 217444, 1),
(189, 161, 754176, 3),
(189, 179, 686148, 4),
(190, 53, 1532432, 4),
(190, 175, 517221, 3),
(191, 30, 1439990, 5),
(191, 33, 540570, 3),
(191, 52, 356959, 1),
(192, 93, 51158, 1),
(193, 82, 79280, 2),
(193, 90, 246318, 2),
(194, 139, 313490, 2),
(195, 42, 315321, 3),
(195, 93, 204632, 4),
(195, 104, 314920, 5),
(195, 109, 961569, 3),
(195, 181, 260895, 1),
(196, 36, 892504, 4),
(196, 150, 396077, 1),
(197, 39, 154825, 1),
(197, 183, 815304, 3),
(198, 66, 287620, 5),
(199, 28, 534708, 4),
(199, 123, 83334, 2),
(199, 133, 1342850, 5),
(199, 168, 365714, 1),
(200, 70, 580788, 3),
(200, 136, 148176, 3),
(201, 55, 344640, 2),
(202, 11, 1133084, 4),
(202, 60, 497915, 5),
(202, 62, 1554892, 4),
(202, 140, 282403, 1),
(203, 6, 53392, 1),
(203, 18, 217041, 3),
(203, 146, 43756, 1),
(203, 161, 1256960, 5),
(204, 139, 313490, 2),
(205, 68, 840390, 3),
(205, 97, 384600, 1),
(205, 117, 1332630, 5),
(206, 113, 303202, 2),
(206, 125, 362475, 5),
(206, 184, 1342745, 5),
(207, 34, 293676, 4),
(207, 79, 75600, 1),
(207, 104, 314920, 5),
(207, 166, 56829, 1),
(207, 186, 505032, 2),
(208, 114, 1039215, 3),
(208, 180, 948808, 4),
(209, 4, 39377, 1),
(209, 66, 115048, 2),
(209, 181, 1043580, 4),
(210, 13, 350701, 1),
(210, 59, 687807, 3),
(210, 106, 94708, 2),
(211, 71, 1092720, 5),
(211, 95, 84712, 2),
(211, 182, 352935, 1),
(212, 10, 1777300, 5),
(212, 56, 498951, 3),
(212, 104, 251936, 4),
(212, 167, 181505, 1),
(213, 66, 230096, 4),
(213, 111, 294260, 2),
(213, 192, 679968, 3),
(214, 34, 367095, 5),
(214, 39, 464475, 3),
(214, 138, 476060, 5),
(214, 150, 792154, 2),
(215, 78, 115830, 2),
(215, 93, 204632, 4),
(216, 146, 87512, 2),
(216, 171, 668640, 4),
(217, 6, 106784, 2),
(217, 182, 1058805, 3),
(218, 114, 1732025, 5),
(218, 120, 1517480, 5),
(218, 125, 217485, 3),
(218, 195, 955168, 4),
(219, 85, 453750, 3),
(219, 118, 61148, 1),
(220, 2, 652332, 3),
(220, 87, 933360, 5),
(221, 21, 163416, 3),
(221, 184, 268549, 1),
(222, 88, 679347, 3),
(222, 181, 521790, 2),
(223, 26, 779208, 2),
(223, 99, 710380, 4),
(223, 178, 532590, 2),
(224, 174, 829748, 4),
(225, 66, 287620, 5),
(225, 133, 537140, 2),
(225, 142, 138285, 3),
(226, 135, 462528, 2),
(226, 138, 476060, 5),
(226, 199, 214698, 1),
(227, 111, 441390, 3),
(227, 122, 341435, 5),
(228, 185, 176272, 4),
(228, 186, 1262580, 5),
(229, 138, 95212, 1),
(229, 164, 1280076, 4),
(229, 171, 835800, 5),
(229, 177, 141058, 1),
(230, 34, 73419, 1),
(230, 71, 437088, 2),
(230, 138, 285636, 3),
(231, 51, 1023076, 4),
(231, 76, 814527, 3),
(231, 94, 279779, 1),
(232, 69, 1337728, 4),
(232, 163, 325026, 2),
(233, 18, 289388, 4),
(233, 48, 794256, 3),
(233, 75, 282865, 5),
(233, 150, 792154, 2),
(234, 88, 452898, 2),
(234, 89, 266348, 2),
(234, 114, 1039215, 3),
(234, 159, 155363, 1),
(235, 100, 320863, 1),
(235, 126, 1116378, 3),
(236, 3, 924237, 3),
(236, 85, 151250, 1),
(236, 143, 631458, 2),
(237, 4, 196885, 5),
(237, 6, 160176, 3),
(237, 61, 1224644, 4),
(238, 9, 794238, 3),
(238, 96, 359619, 3),
(238, 165, 393570, 1),
(238, 172, 107340, 2),
(239, 70, 967980, 5),
(239, 125, 144990, 2),
(239, 180, 1186010, 5),
(240, 165, 1967850, 5),
(241, 122, 341435, 5),
(242, 44, 272893, 1),
(242, 64, 305689, 1),
(243, 43, 583254, 2),
(243, 54, 371808, 4),
(243, 193, 1527068, 4),
(244, 13, 701402, 2),
(245, 76, 271509, 1),
(245, 143, 1262916, 4),
(246, 121, 681444, 4),
(246, 149, 1628450, 5),
(246, 159, 155363, 1),
(247, 11, 283271, 1),
(247, 29, 550674, 3),
(247, 133, 805710, 3),
(248, 35, 520704, 2),
(249, 15, 839142, 3),
(249, 36, 223126, 1),
(249, 130, 455954, 2),
(250, 87, 560016, 3),
(251, 40, 144748, 1),
(251, 85, 453750, 3),
(251, 99, 532785, 3),
(252, 177, 705290, 5),
(253, 181, 1043580, 4),
(254, 37, 1000107, 3),
(254, 87, 746688, 4),
(254, 169, 731230, 2),
(255, 81, 218170, 2),
(255, 90, 123159, 1),
(256, 177, 423174, 3),
(257, 61, 1224644, 4),
(257, 144, 1217560, 4),
(258, 19, 916696, 4),
(258, 112, 1976715, 5),
(259, 33, 720760, 4),
(259, 127, 318638, 2),
(259, 189, 792264, 2),
(260, 91, 159269, 1),
(261, 13, 1753505, 5),
(262, 170, 1521008, 4),
(263, 14, 784200, 5),
(263, 189, 1584528, 4),
(264, 20, 375699, 3),
(264, 79, 378000, 5),
(265, 5, 831492, 4),
(265, 71, 655632, 3),
(265, 154, 423180, 3),
(266, 73, 450783, 3),
(267, 2, 217444, 1),
(268, 164, 1280076, 4),
(269, 45, 392955, 5),
(269, 185, 88136, 2),
(270, 23, 363524, 1),
(270, 33, 540570, 3),
(270, 153, 44727, 1),
(271, 27, 764370, 5),
(271, 42, 525535, 5),
(271, 162, 55246, 1),
(272, 2, 434888, 2),
(272, 84, 263988, 2),
(272, 122, 136574, 2),
(273, 63, 104346, 2),
(273, 159, 466089, 3),
(273, 186, 757548, 3),
(274, 37, 333369, 1),
(274, 43, 583254, 2),
(274, 99, 177595, 1),
(275, 173, 476403, 3),
(275, 176, 295773, 1),
(276, 15, 839142, 3),
(277, 86, 1465310, 5),
(277, 122, 204861, 3),
(278, 30, 1151992, 4),
(278, 73, 150261, 1),
(278, 88, 679347, 3),
(278, 194, 556388, 2),
(279, 35, 781056, 3),
(280, 146, 175024, 4),
(281, 12, 313683, 1),
(281, 84, 263988, 2),
(281, 140, 282403, 1),
(282, 50, 478084, 2),
(282, 153, 134181, 3),
(282, 165, 1967850, 5),
(283, 65, 245212, 4),
(284, 38, 942016, 4),
(284, 52, 713918, 2),
(284, 89, 665870, 5),
(284, 145, 700706, 2),
(285, 184, 1342745, 5),
(286, 10, 710920, 2),
(286, 66, 57524, 1),
(287, 5, 207873, 1),
(287, 20, 626165, 5),
(287, 146, 218780, 5),
(288, 60, 497915, 5),
(288, 118, 183444, 3),
(288, 122, 68287, 1),
(289, 112, 790686, 2),
(290, 114, 1732025, 5),
(291, 73, 450783, 3),
(291, 92, 240500, 5),
(291, 97, 1153800, 3),
(291, 188, 161998, 2),
(292, 200, 1269130, 5),
(293, 33, 720760, 4),
(293, 170, 1140756, 3),
(293, 199, 214698, 1),
(294, 67, 746811, 3),
(294, 134, 73877, 1),
(295, 100, 962589, 3),
(295, 151, 622416, 3),
(296, 129, 194688, 2),
(296, 172, 268350, 5),
(297, 63, 52173, 1),
(298, 49, 971439, 3),
(298, 74, 852159, 3),
(298, 136, 98784, 2),
(299, 47, 209357, 1),
(299, 147, 100515, 1),
(300, 81, 327255, 3),
(300, 136, 98784, 2),
(300, 171, 668640, 4),
(301, 154, 141060, 1),
(302, 95, 42356, 1),
(302, 133, 537140, 2),
(302, 184, 537098, 2),
(303, 66, 230096, 4),
(303, 133, 805710, 3),
(303, 175, 689628, 4),
(304, 40, 578992, 4),
(304, 103, 196526, 1),
(304, 180, 948808, 4),
(304, 199, 644094, 3),
(305, 61, 1530805, 5),
(305, 74, 1136212, 4),
(305, 117, 533052, 2),
(306, 95, 169424, 4),
(306, 124, 971004, 3),
(307, 79, 302400, 4),
(307, 153, 178908, 4),
(307, 186, 1262580, 5),
(308, 14, 470520, 3),
(308, 95, 42356, 1),
(308, 106, 189416, 4),
(308, 178, 532590, 2),
(309, 185, 176272, 4),
(310, 74, 1420265, 5),
(311, 52, 1784795, 5),
(311, 134, 73877, 1),
(311, 143, 947187, 3),
(311, 145, 1051059, 3),
(312, 37, 1666845, 5),
(312, 142, 184380, 4),
(312, 159, 155363, 1),
(313, 46, 794556, 4),
(313, 50, 1195210, 5),
(313, 79, 151200, 2),
(313, 129, 486720, 5),
(314, 73, 751305, 5),
(314, 136, 49392, 1),
(315, 22, 271225, 1),
(315, 91, 637076, 4),
(315, 145, 1751765, 5),
(316, 45, 78591, 1),
(316, 100, 962589, 3),
(316, 166, 284145, 5),
(317, 191, 201704, 1),
(318, 37, 666738, 2),
(318, 63, 156519, 3),
(318, 164, 320019, 1),
(319, 45, 235773, 3),
(319, 56, 665268, 4),
(319, 100, 320863, 1),
(319, 147, 402060, 4),
(320, 150, 396077, 1),
(321, 199, 858792, 4),
(322, 57, 168976, 2),
(322, 62, 1943615, 5),
(322, 100, 962589, 3),
(322, 103, 982630, 5),
(323, 16, 371176, 1),
(323, 19, 458348, 2),
(323, 73, 300522, 2),
(324, 100, 641726, 2),
(324, 110, 310516, 2),
(325, 70, 387192, 2),
(325, 103, 589578, 3),
(326, 42, 420428, 4),
(326, 126, 1116378, 3),
(327, 99, 177595, 1),
(328, 69, 668864, 2),
(328, 186, 1010064, 4),
(329, 162, 55246, 1),
(329, 190, 1756210, 5),
(329, 195, 955168, 4),
(330, 61, 306161, 1),
(330, 81, 327255, 3),
(330, 89, 665870, 5),
(330, 119, 312390, 1),
(331, 67, 248937, 1),
(331, 85, 756250, 5),
(331, 98, 365290, 5),
(331, 132, 428589, 3),
(331, 133, 1342850, 5),
(332, 36, 1115630, 5),
(332, 68, 560260, 2),
(332, 83, 458352, 2),
(332, 104, 125968, 2),
(332, 168, 731428, 2),
(333, 6, 160176, 3),
(333, 62, 388723, 1),
(334, 95, 42356, 1),
(334, 135, 1156320, 5),
(334, 156, 174777, 1),
(334, 174, 829748, 4),
(335, 130, 683931, 3),
(335, 166, 170487, 3),
(335, 186, 1010064, 4),
(335, 187, 1077504, 4),
(336, 61, 1224644, 4),
(336, 128, 459052, 2),
(336, 137, 1148404, 4),
(337, 20, 375699, 3),
(337, 63, 260865, 5),
(337, 156, 699108, 4),
(338, 19, 916696, 4),
(338, 28, 133677, 1),
(339, 25, 304823, 1),
(339, 137, 574202, 2),
(340, 58, 569748, 2),
(340, 106, 189416, 4),
(340, 140, 564806, 2),
(340, 176, 591546, 2),
(341, 31, 54484, 2),
(341, 98, 365290, 5),
(342, 93, 255790, 5),
(343, 88, 226449, 1),
(343, 171, 501480, 3),
(344, 196, 240767, 1),
(345, 62, 1166169, 3),
(346, 198, 1101455, 5),
(347, 37, 1000107, 3),
(347, 122, 341435, 5),
(348, 33, 540570, 3),
(348, 93, 102316, 2),
(348, 187, 269376, 1),
(349, 63, 156519, 3),
(349, 107, 582033, 3),
(350, 6, 266960, 5),
(350, 31, 27242, 1),
(350, 48, 794256, 3),
(350, 181, 521790, 2),
(351, 121, 681444, 4),
(351, 133, 805710, 3),
(351, 149, 977070, 3),
(351, 200, 761478, 3),
(352, 25, 304823, 1),
(352, 163, 162513, 1),
(353, 38, 942016, 4),
(353, 90, 246318, 2),
(354, 130, 683931, 3),
(355, 27, 152874, 1),
(356, 130, 911908, 4),
(356, 133, 1342850, 5),
(357, 12, 627366, 2),
(357, 118, 305740, 5),
(358, 85, 756250, 5),
(358, 173, 317602, 2),
(358, 181, 521790, 2),
(359, 13, 1402804, 4),
(359, 37, 333369, 1),
(359, 131, 207177, 3),
(359, 152, 211495, 5),
(360, 101, 1079190, 5),
(361, 18, 72347, 1),
(361, 67, 1244685, 5),
(361, 87, 186672, 1),
(362, 9, 1058984, 4),
(362, 120, 910488, 3),
(362, 196, 722301, 3),
(363, 17, 1516048, 4),
(363, 75, 226292, 4),
(363, 92, 48100, 1),
(363, 142, 230475, 5),
(363, 189, 396132, 1),
(364, 6, 53392, 1),
(364, 147, 502575, 5),
(365, 88, 905796, 4),
(366, 36, 892504, 4),
(366, 47, 628071, 3),
(366, 141, 1369416, 4),
(366, 170, 1901260, 5),
(366, 196, 722301, 3),
(367, 200, 761478, 3),
(368, 50, 717126, 3),
(368, 86, 293062, 1),
(368, 105, 148034, 2),
(369, 2, 434888, 2),
(369, 67, 248937, 1),
(369, 173, 317602, 2),
(370, 38, 942016, 4),
(370, 60, 298749, 3),
(370, 117, 799578, 3),
(370, 139, 313490, 2),
(370, 182, 1058805, 3),
(371, 20, 375699, 3),
(371, 60, 398332, 4),
(371, 187, 269376, 1),
(371, 196, 1203835, 5),
(372, 15, 559428, 2),
(372, 37, 333369, 1),
(373, 69, 1337728, 4),
(374, 200, 761478, 3),
(375, 188, 323996, 4),
(375, 197, 1484036, 4),
(376, 37, 1000107, 3),
(376, 57, 84488, 1),
(376, 107, 970055, 5),
(377, 99, 177595, 1),
(378, 8, 257748, 3),
(378, 79, 378000, 5),
(378, 104, 188952, 3),
(378, 105, 148034, 2),
(379, 52, 1070877, 3),
(379, 184, 1342745, 5),
(380, 52, 356959, 1),
(380, 74, 568106, 2),
(381, 24, 352976, 4),
(381, 32, 200103, 1),
(381, 36, 223126, 1),
(381, 39, 774125, 5),
(381, 53, 1915540, 5),
(382, 77, 1452236, 4),
(382, 111, 735650, 5),
(382, 146, 87512, 2),
(383, 84, 395982, 3),
(383, 96, 599365, 5),
(383, 112, 790686, 2),
(384, 171, 334320, 2),
(384, 176, 887319, 3),
(385, 80, 381283, 1),
(385, 117, 1066104, 4),
(386, 158, 95274, 3),
(386, 173, 476403, 3),
(386, 177, 705290, 5),
(387, 44, 1091572, 4),
(387, 60, 199166, 2),
(387, 187, 269376, 1),
(388, 69, 668864, 2),
(388, 112, 790686, 2),
(388, 113, 606404, 4),
(389, 90, 123159, 1),
(389, 120, 606992, 2),
(389, 136, 197568, 4),
(390, 85, 302500, 2),
(390, 169, 731230, 2),
(391, 36, 223126, 1),
(392, 87, 933360, 5),
(392, 142, 184380, 4),
(393, 17, 1137036, 3),
(393, 49, 1619065, 5),
(393, 199, 858792, 4),
(394, 39, 154825, 1),
(394, 51, 767307, 3),
(394, 75, 282865, 5),
(394, 103, 196526, 1),
(394, 109, 320523, 1),
(395, 49, 971439, 3),
(395, 73, 300522, 2),
(396, 44, 818679, 3),
(396, 139, 156745, 1),
(396, 158, 95274, 3),
(397, 15, 1398570, 5),
(397, 68, 840390, 3),
(397, 200, 761478, 3),
(398, 104, 251936, 4),
(399, 9, 794238, 3),
(399, 70, 967980, 5),
(399, 132, 571452, 4),
(399, 137, 1148404, 4),
(400, 5, 1039365, 5),
(400, 122, 136574, 2),
(400, 136, 49392, 1),
(400, 169, 1462460, 4),
(400, 196, 722301, 3),
(401, 41, 348795, 1),
(401, 85, 151250, 1),
(401, 119, 1561950, 5),
(401, 168, 1828570, 5),
(401, 175, 172407, 1),
(402, 22, 271225, 1),
(402, 135, 462528, 2),
(402, 184, 1342745, 5),
(402, 186, 505032, 2),
(403, 27, 764370, 5),
(403, 80, 1906415, 5),
(403, 129, 194688, 2),
(403, 154, 705300, 5),
(403, 196, 1203835, 5),
(404, 31, 108968, 4),
(404, 56, 831585, 5),
(404, 76, 814527, 3),
(404, 121, 170361, 1),
(404, 144, 608780, 2),
(404, 148, 270800, 4),
(405, 30, 287998, 1),
(405, 48, 1059008, 4),
(405, 67, 248937, 1),
(406, 18, 361735, 5),
(406, 107, 388022, 2),
(406, 150, 792154, 2),
(406, 154, 423180, 3),
(406, 155, 1293940, 5),
(406, 156, 174777, 1),
(406, 178, 1065180, 4),
(407, 1, 713628, 3),
(407, 52, 1427836, 4),
(407, 53, 1915540, 5),
(407, 193, 1145301, 3),
(408, 13, 350701, 1),
(408, 20, 250466, 2),
(408, 78, 173745, 3),
(408, 82, 39640, 1),
(408, 97, 384600, 1),
(408, 135, 693792, 3),
(408, 146, 131268, 3),
(408, 188, 404995, 5),
(409, 6, 53392, 1),
(409, 43, 291627, 1),
(409, 46, 198639, 1),
(409, 67, 746811, 3),
(409, 116, 672855, 5),
(409, 186, 1262580, 5),
(410, 70, 387192, 2),
(410, 76, 543018, 2),
(410, 135, 693792, 3),
(411, 90, 246318, 2),
(411, 114, 1385620, 4),
(411, 136, 98784, 2),
(411, 191, 403408, 2),
(411, 199, 429396, 2),
(412, 7, 182135, 1),
(412, 38, 471008, 2),
(412, 90, 615795, 5),
(412, 117, 533052, 2),
(412, 145, 1051059, 3),
(412, 163, 812565, 5),
(413, 3, 1540395, 5),
(413, 23, 363524, 1),
(413, 34, 367095, 5),
(413, 73, 601044, 4),
(413, 127, 637276, 4),
(413, 183, 271768, 1),
(414, 5, 831492, 4),
(414, 56, 332634, 2),
(414, 67, 995748, 4),
(414, 97, 1153800, 3),
(414, 189, 792264, 2),
(415, 51, 1278845, 5),
(415, 58, 854622, 3),
(415, 68, 560260, 2),
(415, 120, 1213984, 4),
(415, 123, 41667, 1),
(415, 127, 477957, 3),
(415, 132, 571452, 4),
(416, 17, 758024, 2),
(416, 30, 287998, 1),
(416, 34, 367095, 5),
(416, 55, 516960, 3),
(416, 94, 1119116, 4),
(416, 162, 276230, 5),
(416, 165, 1574280, 4),
(417, 8, 171832, 2),
(417, 62, 388723, 1),
(417, 85, 453750, 3),
(417, 115, 1155690, 5),
(418, 9, 264746, 1),
(418, 51, 511538, 2),
(418, 69, 668864, 2),
(418, 101, 431676, 2),
(418, 148, 338500, 5),
(418, 150, 1980385, 5),
(419, 15, 559428, 2),
(419, 69, 1003296, 3),
(419, 184, 537098, 2),
(419, 196, 722301, 3),
(420, 15, 1118856, 4),
(420, 67, 497874, 2),
(420, 97, 1538400, 4),
(420, 124, 1618340, 5),
(420, 132, 428589, 3),
(420, 187, 1077504, 4),
(421, 8, 85916, 1),
(421, 87, 560016, 3),
(421, 106, 189416, 4),
(421, 122, 273148, 4),
(421, 173, 635204, 4),
(422, 30, 1151992, 4),
(422, 91, 477807, 3),
(422, 139, 156745, 1),
(422, 183, 271768, 1),
(422, 185, 88136, 2),
(423, 23, 1454096, 4),
(423, 28, 267354, 2),
(423, 31, 108968, 4),
(423, 104, 62984, 1),
(423, 120, 606992, 2),
(423, 124, 323668, 1),
(424, 22, 1084900, 4),
(424, 52, 1427836, 4),
(424, 70, 580788, 3),
(424, 102, 831396, 3),
(424, 106, 47354, 1),
(424, 149, 1302760, 4),
(424, 159, 621452, 4),
(424, 168, 1097142, 3),
(425, 54, 278856, 3),
(425, 56, 498951, 3),
(425, 91, 637076, 4),
(425, 95, 169424, 4),
(425, 139, 470235, 3),
(426, 16, 371176, 1),
(426, 61, 1224644, 4),
(426, 117, 799578, 3),
(426, 134, 147754, 2),
(426, 137, 574202, 2),
(426, 165, 787140, 2),
(427, 3, 924237, 3),
(427, 71, 874176, 4),
(427, 112, 395343, 1),
(427, 125, 362475, 5),
(427, 197, 371009, 1),
(428, 9, 1323730, 5),
(428, 69, 334432, 1),
(428, 82, 79280, 2),
(428, 161, 1005568, 4),
(428, 194, 556388, 2),
(429, 37, 333369, 1),
(429, 62, 1943615, 5),
(429, 158, 158790, 5),
(429, 163, 162513, 1),
(430, 11, 1416355, 5),
(430, 71, 218544, 1),
(430, 77, 1089177, 3),
(430, 93, 255790, 5),
(431, 10, 355460, 1),
(431, 48, 1059008, 4),
(431, 144, 1217560, 4),
(432, 174, 207437, 1),
(432, 194, 278194, 1),
(433, 7, 182135, 1),
(433, 48, 1059008, 4),
(433, 53, 766216, 2),
(433, 57, 253464, 3),
(433, 72, 469893, 3),
(433, 162, 165738, 3),
(433, 184, 1342745, 5),
(434, 22, 1084900, 4),
(434, 71, 437088, 2),
(434, 144, 1217560, 4),
(434, 159, 776815, 5),
(435, 39, 309650, 2),
(435, 40, 578992, 4),
(435, 171, 668640, 4),
(436, 92, 240500, 5),
(436, 94, 279779, 1),
(436, 132, 714315, 5),
(436, 135, 693792, 3),
(436, 149, 977070, 3),
(436, 167, 907525, 5),
(437, 8, 343664, 4),
(437, 13, 1753505, 5),
(437, 174, 414874, 2),
(438, 42, 105107, 1),
(438, 60, 298749, 3),
(438, 120, 303496, 1),
(438, 157, 174678, 1),
(439, 20, 375699, 3),
(439, 41, 1743975, 5),
(439, 111, 294260, 2),
(439, 143, 1262916, 4),
(439, 154, 564240, 4),
(439, 170, 1521008, 4),
(440, 31, 27242, 1),
(440, 149, 1628450, 5),
(440, 157, 698712, 4),
(440, 166, 56829, 1),
(440, 194, 1390970, 5),
(441, 21, 217888, 4),
(441, 92, 240500, 5),
(441, 105, 296068, 4),
(441, 189, 1584528, 4),
(442, 34, 146838, 2),
(442, 104, 314920, 5),
(442, 152, 169196, 4),
(442, 166, 170487, 3),
(443, 22, 1356125, 5),
(443, 86, 293062, 1),
(443, 90, 492636, 4),
(443, 109, 961569, 3),
(443, 138, 95212, 1),
(444, 19, 916696, 4),
(444, 104, 188952, 3),
(445, 32, 1000515, 5),
(445, 56, 831585, 5),
(445, 170, 1140756, 3),
(446, 62, 1943615, 5),
(446, 98, 219174, 3),
(446, 120, 606992, 2),
(446, 183, 271768, 1),
(447, 50, 1195210, 5),
(447, 80, 762566, 2),
(447, 169, 365615, 1),
(447, 186, 505032, 2),
(448, 114, 1039215, 3),
(448, 132, 428589, 3),
(448, 164, 1280076, 4),
(448, 180, 1186010, 5),
(449, 166, 227316, 4),
(450, 192, 679968, 3),
(451, 27, 152874, 1),
(451, 38, 942016, 4),
(451, 84, 263988, 2),
(452, 62, 1554892, 4),
(452, 110, 310516, 2),
(453, 11, 849813, 3),
(453, 132, 285726, 2),
(454, 19, 916696, 4),
(454, 102, 1108528, 4),
(454, 154, 423180, 3),
(455, 42, 420428, 4),
(455, 91, 637076, 4),
(455, 138, 285636, 3),
(456, 162, 165738, 3),
(456, 185, 176272, 4),
(457, 20, 125233, 1),
(457, 164, 640038, 2),
(458, 30, 863994, 3),
(458, 114, 1385620, 4),
(459, 35, 260352, 1),
(459, 149, 651380, 2),
(460, 52, 356959, 1),
(460, 152, 42299, 1),
(461, 43, 1166508, 4),
(461, 47, 209357, 1),
(462, 80, 1525132, 4),
(462, 82, 118920, 3),
(462, 177, 141058, 1),
(463, 185, 176272, 4),
(464, 46, 794556, 4),
(464, 49, 647626, 2),
(464, 122, 341435, 5),
(465, 18, 144694, 2),
(465, 29, 917790, 5),
(466, 32, 1000515, 5),
(466, 46, 993195, 5),
(466, 63, 156519, 3),
(466, 126, 744252, 2),
(466, 180, 711606, 3),
(467, 17, 379012, 1),
(467, 117, 1332630, 5),
(468, 123, 83334, 2),
(468, 131, 345295, 5),
(469, 45, 235773, 3),
(470, 29, 734232, 4),
(470, 53, 766216, 2),
(471, 199, 858792, 4),
(472, 2, 217444, 1),
(472, 133, 805710, 3),
(472, 162, 220984, 4),
(473, 82, 198200, 5),
(473, 136, 98784, 2),
(473, 187, 269376, 1),
(473, 190, 702484, 2),
(474, 80, 1525132, 4),
(474, 129, 486720, 5),
(474, 157, 349356, 2),
(475, 40, 289496, 2),
(475, 113, 454803, 3),
(475, 148, 203100, 3),
(476, 187, 808128, 3),
(477, 102, 277132, 1),
(477, 117, 1066104, 4),
(478, 75, 56573, 1),
(478, 130, 1139885, 5),
(478, 158, 31758, 1),
(479, 76, 1086036, 4),
(480, 122, 341435, 5),
(480, 160, 189996, 4),
(481, 190, 1053726, 3),
(482, 25, 1524115, 5),
(482, 77, 363059, 1),
(483, 198, 1101455, 5),
(484, 12, 313683, 1),
(484, 45, 314364, 4),
(484, 129, 292032, 3),
(484, 151, 1037360, 5),
(484, 171, 668640, 4),
(485, 58, 569748, 2),
(485, 141, 684708, 2),
(486, 152, 84598, 2),
(487, 60, 199166, 2),
(487, 63, 208692, 4),
(487, 94, 279779, 1),
(488, 66, 230096, 4),
(489, 169, 1462460, 4),
(489, 186, 505032, 2),
(490, 4, 118131, 3),
(490, 84, 263988, 2),
(490, 113, 606404, 4),
(491, 10, 1777300, 5),
(491, 118, 61148, 1),
(491, 182, 705870, 2),
(492, 102, 554264, 2),
(492, 187, 1346880, 5),
(493, 70, 774384, 4),
(493, 84, 527976, 4),
(494, 103, 982630, 5),
(494, 118, 305740, 5),
(494, 171, 501480, 3),
(495, 139, 783725, 5),
(496, 44, 818679, 3),
(496, 161, 251392, 1),
(497, 60, 497915, 5),
(497, 93, 255790, 5),
(497, 170, 1140756, 3),
(498, 20, 125233, 1),
(498, 135, 693792, 3),
(499, 31, 54484, 2),
(499, 171, 835800, 5),
(500, 32, 200103, 1),
(501, 6, 160176, 3),
(502, 166, 56829, 1),
(503, 66, 230096, 4),
(503, 152, 211495, 5),
(503, 166, 284145, 5),
(504, 64, 917067, 3),
(504, 82, 118920, 3),
(504, 171, 668640, 4),
(505, 16, 742352, 2),
(505, 198, 1101455, 5),
(506, 39, 154825, 1),
(507, 14, 470520, 3),
(507, 124, 1294672, 4),
(507, 138, 190424, 2),
(508, 29, 917790, 5),
(508, 108, 182679, 1),
(508, 154, 705300, 5),
(509, 30, 575996, 2),
(509, 80, 1143849, 3),
(509, 121, 851805, 5),
(509, 162, 55246, 1),
(509, 182, 1764675, 5),
(510, 1, 951504, 4),
(510, 78, 173745, 3),
(510, 165, 1574280, 4),
(510, 173, 317602, 2),
(511, 59, 687807, 3),
(511, 90, 492636, 4),
(512, 46, 595917, 3),
(512, 58, 1139496, 4),
(512, 65, 245212, 4),
(512, 98, 219174, 3),
(513, 43, 583254, 2),
(514, 25, 609646, 2),
(514, 94, 1398895, 5),
(514, 122, 204861, 3),
(514, 149, 1628450, 5),
(515, 8, 171832, 2),
(515, 13, 1753505, 5),
(515, 35, 1301760, 5),
(515, 142, 46095, 1),
(516, 63, 208692, 4),
(517, 161, 1005568, 4),
(518, 51, 511538, 2),
(518, 196, 1203835, 5),
(519, 45, 314364, 4),
(519, 63, 52173, 1),
(519, 127, 318638, 2),
(520, 127, 796595, 5),
(520, 193, 1527068, 4),
(521, 27, 152874, 1),
(521, 111, 588520, 4),
(522, 120, 1517480, 5),
(522, 132, 142863, 1),
(523, 112, 790686, 2),
(524, 178, 266295, 1),
(524, 188, 242997, 3),
(525, 47, 418714, 2),
(525, 138, 95212, 1),
(525, 195, 238792, 1),
(526, 135, 925056, 4),
(526, 174, 622311, 3),
(526, 194, 278194, 1),
(527, 71, 218544, 1),
(528, 1, 1189380, 5),
(528, 81, 218170, 2),
(528, 144, 913170, 3),
(529, 125, 72495, 1),
(529, 193, 381767, 1),
(530, 55, 516960, 3),
(530, 84, 263988, 2),
(530, 195, 238792, 1),
(531, 42, 105107, 1),
(531, 170, 1521008, 4),
(532, 113, 606404, 4),
(532, 155, 776364, 3),
(533, 16, 1484704, 4),
(533, 42, 210214, 2),
(534, 96, 239746, 2),
(535, 42, 525535, 5),
(535, 130, 227977, 1),
(535, 138, 380848, 4),
(535, 176, 1478865, 5),
(536, 106, 47354, 1),
(536, 125, 72495, 1),
(536, 147, 301545, 3),
(536, 172, 53670, 1),
(537, 50, 1195210, 5),
(537, 168, 1828570, 5),
(538, 123, 166668, 4),
(539, 161, 1005568, 4),
(540, 70, 967980, 5),
(541, 12, 1254732, 4),
(541, 59, 458538, 2),
(542, 79, 75600, 1),
(542, 82, 198200, 5),
(542, 115, 462276, 2),
(543, 136, 98784, 2),
(544, 15, 1398570, 5),
(544, 31, 54484, 2),
(545, 45, 157182, 2),
(546, 32, 800412, 4),
(546, 39, 309650, 2),
(546, 160, 237495, 5),
(546, 179, 171537, 1),
(547, 58, 569748, 2),
(547, 97, 1153800, 3),
(547, 155, 1293940, 5),
(548, 86, 1172248, 4),
(548, 95, 211780, 5),
(548, 97, 769200, 2),
(548, 147, 301545, 3),
(549, 93, 153474, 3),
(549, 142, 138285, 3),
(549, 145, 700706, 2),
(550, 29, 734232, 4),
(550, 63, 260865, 5),
(550, 106, 236770, 5),
(550, 152, 84598, 2),
(551, 60, 497915, 5),
(551, 61, 918483, 3),
(552, 70, 774384, 4),
(552, 79, 151200, 2),
(553, 147, 502575, 5),
(553, 195, 955168, 4),
(554, 38, 471008, 2),
(554, 55, 861600, 5),
(554, 73, 601044, 4),
(555, 19, 229174, 1),
(555, 143, 1262916, 4),
(555, 199, 429396, 2),
(556, 137, 861303, 3),
(557, 92, 48100, 1),
(557, 103, 196526, 1),
(558, 10, 1421840, 4),
(558, 48, 1059008, 4),
(559, 2, 652332, 3),
(559, 31, 54484, 2),
(559, 110, 465774, 3),
(559, 176, 1478865, 5),
(559, 192, 226656, 1),
(560, 2, 217444, 1),
(560, 112, 790686, 2),
(560, 180, 948808, 4),
(561, 27, 611496, 4),
(561, 90, 492636, 4),
(561, 128, 688578, 3),
(562, 18, 361735, 5),
(562, 169, 1828075, 5),
(563, 53, 1532432, 4),
(563, 189, 1584528, 4),
(564, 126, 372126, 1),
(564, 155, 776364, 3),
(565, 62, 1943615, 5),
(565, 114, 1732025, 5),
(565, 177, 705290, 5),
(566, 65, 183909, 3),
(566, 108, 548037, 3),
(567, 7, 728540, 4),
(567, 130, 911908, 4),
(568, 30, 575996, 2),
(568, 113, 303202, 2),
(568, 156, 524331, 3),
(569, 20, 500932, 4),
(569, 61, 918483, 3),
(569, 171, 835800, 5),
(569, 190, 1053726, 3),
(570, 58, 854622, 3),
(570, 92, 96200, 2),
(570, 167, 907525, 5),
(571, 80, 381283, 1),
(571, 160, 189996, 4),
(571, 187, 269376, 1),
(571, 191, 605112, 3),
(572, 60, 298749, 3),
(573, 85, 756250, 5),
(573, 117, 266526, 1),
(573, 125, 72495, 1),
(574, 9, 1323730, 5),
(574, 56, 831585, 5),
(574, 57, 422440, 5),
(574, 195, 238792, 1),
(575, 63, 104346, 2),
(575, 86, 586124, 2),
(575, 93, 204632, 4),
(575, 148, 270800, 4),
(576, 102, 831396, 3),
(576, 170, 1521008, 4),
(577, 64, 1528445, 5),
(577, 78, 289575, 5),
(577, 178, 266295, 1),
(578, 5, 1039365, 5),
(578, 39, 309650, 2),
(578, 74, 852159, 3),
(578, 190, 702484, 2),
(579, 99, 710380, 4),
(580, 55, 861600, 5),
(580, 116, 538284, 4),
(580, 161, 754176, 3),
(581, 28, 401031, 3),
(581, 35, 1041408, 4),
(581, 144, 1217560, 4),
(581, 154, 705300, 5),
(582, 74, 1136212, 4),
(582, 96, 239746, 2),
(582, 115, 1155690, 5),
(582, 135, 693792, 3),
(582, 147, 402060, 4),
(583, 40, 289496, 2),
(583, 88, 679347, 3),
(583, 156, 174777, 1),
(583, 175, 689628, 4),
(583, 192, 1133280, 5),
(584, 121, 511083, 3),
(585, 40, 578992, 4),
(585, 141, 684708, 2),
(586, 112, 1186029, 3),
(586, 116, 538284, 4),
(587, 23, 1817620, 5),
(587, 99, 177595, 1),
(587, 129, 292032, 3),
(587, 134, 369385, 5),
(588, 143, 947187, 3),
(589, 20, 250466, 2),
(589, 35, 520704, 2),
(589, 105, 296068, 4),
(589, 171, 167160, 1),
(590, 152, 169196, 4),
(591, 47, 209357, 1),
(591, 152, 126897, 3),
(591, 179, 171537, 1),
(592, 121, 511083, 3),
(592, 123, 208335, 5),
(593, 44, 272893, 1),
(593, 81, 327255, 3),
(593, 196, 722301, 3),
(594, 25, 304823, 1),
(594, 51, 255769, 1),
(594, 157, 524034, 3),
(595, 7, 728540, 4),
(595, 19, 916696, 4),
(595, 109, 641046, 2),
(595, 131, 276236, 4),
(596, 41, 697590, 2),
(596, 95, 211780, 5),
(596, 173, 158801, 1),
(597, 42, 525535, 5),
(597, 172, 53670, 1),
(598, 72, 783155, 5),
(598, 196, 240767, 1),
(599, 57, 168976, 2),
(599, 115, 462276, 2),
(599, 192, 453312, 2),
(600, 9, 529492, 2),
(600, 82, 79280, 2),
(600, 127, 477957, 3),
(600, 140, 847209, 3),
(600, 163, 325026, 2),
(601, 12, 1254732, 4),
(601, 65, 122606, 2),
(601, 88, 905796, 4),
(601, 108, 730716, 4),
(601, 181, 1304475, 5),
(601, 198, 440582, 2),
(601, 199, 1073490, 5),
(602, 42, 315321, 3),
(602, 54, 464760, 5),
(602, 83, 229176, 1),
(602, 90, 369477, 3),
(602, 197, 371009, 1),
(603, 76, 1086036, 4),
(603, 194, 834582, 3),
(604, 4, 157508, 4),
(604, 10, 1066380, 3),
(604, 32, 1000515, 5),
(604, 37, 1000107, 3),
(604, 50, 478084, 2),
(604, 88, 452898, 2),
(604, 95, 42356, 1),
(604, 149, 651380, 2),
(605, 81, 327255, 3),
(605, 116, 134571, 1),
(606, 54, 92952, 1),
(606, 163, 650052, 4),
(607, 36, 892504, 4),
(607, 144, 304390, 1),
(607, 148, 270800, 4),
(607, 164, 1280076, 4),
(607, 190, 1404968, 4),
(608, 104, 314920, 5),
(608, 123, 83334, 2),
(609, 68, 1120520, 4),
(609, 87, 560016, 3),
(609, 147, 100515, 1),
(610, 3, 1232316, 4),
(610, 22, 813675, 3),
(610, 32, 1000515, 5),
(610, 56, 831585, 5),
(610, 62, 1554892, 4),
(610, 114, 346405, 1),
(610, 134, 295508, 4),
(611, 7, 728540, 4),
(611, 61, 1224644, 4),
(611, 127, 318638, 2),
(611, 147, 201030, 2),
(611, 167, 181505, 1),
(611, 199, 214698, 1),
(612, 3, 308079, 1),
(612, 42, 315321, 3),
(612, 51, 1278845, 5),
(612, 53, 1532432, 4),
(613, 8, 85916, 1),
(613, 73, 150261, 1),
(613, 139, 156745, 1),
(613, 162, 110492, 2),
(613, 188, 80999, 1),
(614, 38, 706512, 3),
(614, 56, 831585, 5),
(614, 60, 298749, 3),
(614, 120, 910488, 3),
(614, 169, 1462460, 4),
(615, 41, 1743975, 5),
(615, 93, 255790, 5),
(615, 107, 970055, 5),
(615, 169, 1828075, 5),
(616, 9, 1058984, 4),
(616, 144, 608780, 2),
(616, 154, 705300, 5),
(617, 56, 498951, 3),
(617, 82, 118920, 3),
(617, 116, 538284, 4),
(617, 137, 861303, 3),
(618, 60, 398332, 4),
(618, 84, 659970, 5),
(619, 79, 226800, 3),
(619, 106, 94708, 2),
(620, 15, 1398570, 5),
(620, 35, 260352, 1),
(620, 65, 306515, 5),
(620, 145, 350353, 1),
(620, 149, 651380, 2),
(621, 79, 378000, 5),
(621, 99, 532785, 3),
(621, 155, 776364, 3),
(621, 190, 351242, 1),
(622, 23, 1454096, 4),
(622, 73, 751305, 5),
(622, 79, 302400, 4),
(622, 91, 477807, 3),
(622, 109, 320523, 1),
(622, 162, 220984, 4),
(623, 9, 264746, 1),
(623, 15, 1118856, 4),
(623, 27, 152874, 1),
(623, 98, 73058, 1),
(623, 123, 208335, 5),
(623, 164, 1280076, 4),
(623, 173, 794005, 5),
(623, 199, 429396, 2),
(624, 6, 106784, 2),
(624, 104, 125968, 2),
(624, 116, 269142, 2),
(624, 147, 201030, 2),
(624, 173, 794005, 5),
(625, 16, 1855880, 5),
(625, 18, 217041, 3),
(625, 131, 276236, 4),
(625, 142, 92190, 2),
(625, 149, 651380, 2),
(625, 180, 237202, 1),
(625, 189, 396132, 1),
(626, 3, 1232316, 4),
(626, 32, 400206, 2),
(626, 45, 314364, 4),
(626, 85, 302500, 2),
(626, 90, 369477, 3),
(626, 148, 67700, 1),
(626, 152, 211495, 5),
(626, 154, 423180, 3),
(626, 190, 1756210, 5),
(627, 31, 136210, 5),
(627, 94, 839337, 3),
(627, 107, 388022, 2),
(627, 153, 178908, 4),
(627, 160, 237495, 5),
(627, 185, 176272, 4),
(628, 4, 196885, 5),
(628, 7, 910675, 5),
(628, 15, 839142, 3),
(628, 79, 302400, 4),
(628, 136, 246960, 5),
(628, 140, 1412015, 5),
(628, 145, 350353, 1),
(628, 147, 301545, 3),
(628, 176, 1478865, 5),
(628, 196, 240767, 1),
(629, 9, 529492, 2),
(630, 64, 611378, 2),
(630, 81, 436340, 4),
(630, 133, 1342850, 5),
(630, 163, 325026, 2),
(630, 178, 1065180, 4),
(630, 183, 271768, 1),
(630, 193, 1145301, 3),
(631, 34, 146838, 2),
(631, 73, 601044, 4),
(631, 77, 1815295, 5),
(631, 169, 1828075, 5),
(632, 69, 334432, 1),
(632, 74, 852159, 3),
(632, 82, 158560, 4),
(632, 102, 277132, 1),
(632, 178, 532590, 2),
(633, 31, 54484, 2),
(633, 42, 210214, 2),
(633, 82, 158560, 4),
(633, 138, 285636, 3),
(634, 92, 96200, 2),
(634, 96, 479492, 4),
(634, 115, 1155690, 5),
(634, 134, 147754, 2),
(634, 153, 223635, 5),
(634, 176, 1183092, 4),
(634, 187, 269376, 1),
(635, 12, 941049, 3),
(635, 130, 455954, 2),
(636, 13, 1402804, 4),
(636, 48, 264752, 1),
(636, 105, 74017, 1),
(636, 131, 276236, 4),
(636, 168, 1462856, 4),
(636, 194, 1390970, 5),
(637, 61, 306161, 1),
(637, 80, 381283, 1),
(637, 168, 1097142, 3),
(638, 3, 1540395, 5),
(638, 133, 1342850, 5),
(638, 196, 963068, 4),
(639, 12, 1254732, 4),
(639, 13, 1402804, 4),
(639, 21, 54472, 1),
(639, 37, 333369, 1),
(639, 68, 280130, 1),
(639, 102, 1385660, 5),
(639, 120, 910488, 3),
(639, 177, 705290, 5),
(639, 195, 716376, 3),
(640, 46, 397278, 2),
(640, 170, 380252, 1),
(641, 29, 367116, 2),
(641, 94, 279779, 1),
(641, 108, 365358, 2),
(642, 132, 571452, 4),
(643, 8, 343664, 4),
(643, 53, 1149324, 3),
(643, 58, 1424370, 5),
(643, 143, 1262916, 4),
(644, 81, 545425, 5),
(644, 106, 236770, 5),
(644, 108, 730716, 4),
(644, 157, 524034, 3),
(644, 183, 1358840, 5),
(645, 7, 364270, 2),
(645, 12, 941049, 3),
(645, 55, 344640, 2),
(645, 74, 568106, 2),
(645, 193, 1908835, 5),
(646, 21, 272360, 5),
(646, 47, 1046785, 5),
(646, 62, 388723, 1),
(646, 86, 1172248, 4),
(646, 93, 102316, 2),
(646, 113, 303202, 2),
(646, 188, 404995, 5),
(647, 113, 303202, 2),
(648, 12, 313683, 1),
(648, 189, 1980660, 5),
(648, 198, 1101455, 5),
(649, 45, 157182, 2),
(649, 157, 698712, 4),
(650, 35, 520704, 2),
(650, 59, 1146345, 5),
(650, 118, 305740, 5),
(650, 156, 699108, 4),
(650, 160, 94998, 2),
(651, 63, 52173, 1),
(651, 86, 1465310, 5),
(652, 49, 647626, 2),
(652, 67, 995748, 4),
(652, 174, 1037185, 5),
(653, 51, 767307, 3),
(653, 66, 230096, 4),
(653, 94, 1119116, 4),
(653, 122, 68287, 1),
(653, 167, 907525, 5),
(653, 183, 271768, 1),
(654, 9, 794238, 3),
(654, 95, 127068, 3),
(654, 133, 1074280, 4),
(655, 3, 616158, 2),
(655, 153, 44727, 1),
(655, 161, 502784, 2),
(655, 185, 220340, 5),
(655, 190, 702484, 2),
(655, 192, 226656, 1),
(656, 194, 278194, 1),
(657, 53, 383108, 1),
(657, 71, 874176, 4),
(657, 74, 284053, 1),
(657, 174, 829748, 4),
(657, 191, 1008520, 5),
(658, 3, 308079, 1),
(658, 101, 863352, 4),
(659, 1, 1189380, 5),
(659, 40, 289496, 2),
(659, 58, 1139496, 4),
(659, 117, 1066104, 4),
(659, 166, 113658, 2),
(659, 199, 858792, 4),
(659, 200, 507652, 2),
(660, 26, 1558416, 4),
(660, 29, 917790, 5),
(660, 46, 397278, 2),
(660, 55, 516960, 3),
(660, 81, 218170, 2),
(660, 122, 136574, 2),
(660, 154, 282120, 2),
(660, 191, 806816, 4),
(661, 75, 169719, 3),
(661, 106, 94708, 2),
(661, 187, 1346880, 5),
(662, 47, 418714, 2),
(662, 55, 861600, 5),
(662, 76, 1086036, 4),
(663, 15, 559428, 2),
(663, 24, 176488, 2),
(663, 43, 583254, 2),
(663, 61, 918483, 3),
(663, 89, 665870, 5),
(663, 129, 97344, 1),
(663, 183, 543536, 2),
(664, 51, 511538, 2),
(664, 66, 57524, 1),
(664, 88, 226449, 1),
(665, 71, 1092720, 5),
(665, 114, 1039215, 3),
(665, 159, 776815, 5),
(665, 195, 955168, 4),
(666, 3, 308079, 1),
(666, 10, 1421840, 4),
(666, 11, 849813, 3),
(666, 48, 264752, 1),
(666, 74, 568106, 2),
(666, 92, 144300, 3),
(666, 114, 692810, 2),
(667, 7, 728540, 4),
(667, 24, 88244, 1),
(667, 74, 852159, 3),
(667, 81, 436340, 4),
(667, 121, 851805, 5),
(667, 164, 320019, 1),
(667, 182, 1058805, 3),
(668, 111, 441390, 3),
(668, 131, 207177, 3),
(668, 173, 635204, 4),
(668, 185, 132204, 3),
(669, 23, 1817620, 5),
(669, 67, 1244685, 5),
(669, 74, 284053, 1),
(669, 92, 144300, 3),
(669, 119, 1561950, 5),
(669, 138, 95212, 1),
(669, 161, 251392, 1),
(669, 181, 521790, 2),
(669, 182, 1764675, 5),
(669, 191, 201704, 1),
(669, 197, 1113027, 3),
(670, 9, 529492, 2),
(670, 54, 464760, 5),
(670, 86, 293062, 1),
(670, 157, 873390, 5),
(670, 187, 1346880, 5),
(671, 15, 839142, 3),
(672, 6, 53392, 1),
(672, 40, 723740, 5),
(672, 182, 705870, 2),
(673, 44, 545786, 2),
(673, 80, 1143849, 3),
(673, 81, 545425, 5),
(673, 102, 1385660, 5),
(673, 122, 204861, 3),
(673, 132, 714315, 5),
(673, 142, 138285, 3),
(673, 195, 238792, 1),
(674, 3, 1232316, 4),
(674, 11, 1133084, 4),
(674, 68, 280130, 1),
(675, 146, 218780, 5),
(675, 191, 605112, 3),
(676, 51, 255769, 1),
(676, 72, 313262, 2),
(676, 95, 127068, 3),
(676, 106, 47354, 1),
(677, 13, 701402, 2),
(677, 74, 284053, 1),
(677, 92, 144300, 3),
(677, 118, 183444, 3),
(677, 130, 1139885, 5),
(677, 141, 684708, 2),
(677, 184, 537098, 2),
(678, 12, 313683, 1),
(678, 57, 253464, 3),
(678, 173, 158801, 1),
(679, 57, 253464, 3),
(679, 93, 204632, 4),
(679, 148, 135400, 2),
(680, 52, 1784795, 5),
(680, 96, 359619, 3),
(680, 141, 342354, 1),
(681, 25, 914469, 3),
(681, 65, 306515, 5),
(681, 126, 1488504, 4),
(681, 172, 161010, 3),
(682, 55, 861600, 5),
(682, 57, 337952, 4),
(682, 113, 151601, 1),
(682, 194, 556388, 2),
(683, 37, 1000107, 3),
(683, 53, 1149324, 3),
(683, 85, 756250, 5),
(683, 126, 744252, 2),
(683, 137, 574202, 2),
(683, 161, 1005568, 4),
(683, 176, 295773, 1),
(683, 194, 278194, 1),
(683, 199, 214698, 1),
(684, 42, 315321, 3),
(684, 63, 260865, 5),
(684, 72, 313262, 2),
(684, 166, 227316, 4),
(685, 12, 1568415, 5),
(685, 36, 223126, 1),
(685, 42, 315321, 3),
(685, 93, 51158, 1),
(685, 116, 672855, 5),
(685, 137, 1435505, 5),
(685, 147, 402060, 4),
(686, 13, 1402804, 4),
(686, 58, 569748, 2),
(686, 80, 1525132, 4),
(686, 95, 42356, 1),
(686, 96, 119873, 1),
(686, 137, 1435505, 5),
(686, 155, 1035152, 4),
(686, 163, 812565, 5),
(687, 68, 1400650, 5),
(687, 70, 193596, 1),
(687, 96, 479492, 4),
(687, 117, 266526, 1),
(688, 27, 152874, 1),
(688, 71, 437088, 2),
(688, 88, 679347, 3),
(688, 138, 380848, 4),
(688, 153, 134181, 3),
(688, 188, 242997, 3),
(688, 189, 1188396, 3),
(689, 123, 208335, 5),
(689, 130, 911908, 4),
(689, 159, 621452, 4),
(689, 160, 189996, 4),
(689, 182, 352935, 1),
(690, 117, 1066104, 4),
(690, 165, 787140, 2),
(691, 119, 624780, 2),
(691, 122, 136574, 2),
(691, 161, 251392, 1),
(692, 4, 157508, 4),
(692, 111, 294260, 2),
(692, 114, 1385620, 4),
(692, 149, 977070, 3),
(693, 31, 136210, 5),
(693, 102, 1385660, 5),
(693, 147, 402060, 4),
(694, 64, 1222756, 4),
(694, 82, 158560, 4),
(694, 97, 1923000, 5),
(694, 111, 147130, 1),
(694, 113, 758005, 5),
(694, 132, 428589, 3),
(694, 151, 1037360, 5),
(694, 180, 1186010, 5),
(695, 3, 308079, 1),
(695, 6, 53392, 1),
(695, 19, 458348, 2),
(695, 63, 104346, 2),
(695, 66, 57524, 1),
(695, 87, 373344, 2),
(695, 122, 204861, 3),
(695, 152, 169196, 4),
(695, 171, 668640, 4),
(696, 200, 761478, 3),
(697, 22, 271225, 1),
(697, 42, 210214, 2),
(697, 52, 1427836, 4),
(697, 60, 298749, 3),
(697, 61, 918483, 3),
(697, 99, 177595, 1),
(697, 111, 294260, 2),
(697, 118, 244592, 4),
(697, 129, 486720, 5),
(697, 135, 925056, 4),
(697, 148, 338500, 5),
(698, 3, 308079, 1),
(699, 21, 163416, 3),
(699, 73, 450783, 3),
(699, 112, 395343, 1),
(699, 136, 148176, 3),
(699, 149, 325690, 1),
(699, 169, 1828075, 5),
(700, 4, 196885, 5),
(700, 6, 160176, 3),
(700, 24, 176488, 2),
(700, 60, 398332, 4),
(700, 146, 43756, 1),
(700, 160, 189996, 4),
(700, 169, 1828075, 5),
(700, 172, 53670, 1),
(701, 2, 869776, 4),
(701, 3, 1232316, 4),
(701, 4, 39377, 1),
(701, 86, 1172248, 4),
(701, 129, 486720, 5),
(702, 197, 742018, 2),
(703, 17, 379012, 1),
(703, 19, 916696, 4),
(703, 51, 1023076, 4),
(704, 195, 1193960, 5),
(705, 2, 869776, 4),
(705, 17, 1137036, 3),
(705, 162, 55246, 1),
(706, 46, 595917, 3),
(706, 49, 1619065, 5),
(706, 54, 185904, 2),
(706, 100, 641726, 2),
(706, 170, 380252, 1),
(707, 37, 1333476, 4),
(707, 103, 786104, 4),
(707, 125, 217485, 3),
(707, 135, 925056, 4),
(707, 148, 338500, 5),
(707, 179, 857685, 5),
(707, 190, 1756210, 5),
(708, 2, 434888, 2),
(708, 20, 500932, 4),
(708, 31, 81726, 3),
(708, 91, 477807, 3),
(708, 185, 44068, 1),
(709, 28, 401031, 3),
(709, 79, 302400, 4),
(709, 81, 327255, 3),
(709, 96, 239746, 2),
(709, 107, 582033, 3),
(709, 133, 1074280, 4),
(710, 45, 78591, 1),
(710, 64, 1222756, 4),
(710, 78, 231660, 4),
(710, 118, 305740, 5),
(710, 147, 201030, 2),
(710, 155, 776364, 3),
(710, 171, 668640, 4),
(710, 192, 453312, 2),
(710, 193, 381767, 1),
(711, 39, 619300, 4),
(711, 65, 306515, 5),
(711, 70, 193596, 1),
(711, 112, 395343, 1),
(711, 150, 1584308, 4),
(711, 155, 517576, 2),
(711, 182, 1058805, 3),
(711, 187, 1346880, 5),
(711, 191, 1008520, 5),
(712, 37, 333369, 1),
(712, 92, 192400, 4),
(712, 114, 346405, 1),
(713, 22, 271225, 1),
(713, 32, 800412, 4),
(713, 108, 730716, 4),
(714, 80, 762566, 2),
(714, 87, 560016, 3),
(714, 174, 1037185, 5),
(714, 181, 1304475, 5),
(714, 185, 44068, 1),
(715, 18, 72347, 1),
(715, 23, 1454096, 4),
(715, 44, 545786, 2),
(715, 48, 529504, 2),
(715, 119, 937170, 3),
(715, 191, 806816, 4),
(716, 6, 266960, 5),
(716, 39, 464475, 3),
(716, 70, 193596, 1),
(716, 73, 601044, 4),
(716, 156, 524331, 3),
(716, 161, 1256960, 5),
(716, 172, 161010, 3),
(716, 173, 317602, 2),
(716, 184, 537098, 2),
(716, 192, 453312, 2),
(717, 54, 185904, 2),
(717, 97, 1538400, 4),
(717, 115, 231138, 1),
(717, 165, 1180710, 3),
(717, 178, 266295, 1),
(717, 192, 226656, 1),
(717, 196, 963068, 4),
(718, 53, 766216, 2),
(718, 82, 198200, 5),
(718, 89, 532696, 4),
(718, 145, 700706, 2),
(718, 148, 338500, 5),
(718, 160, 94998, 2),
(718, 181, 1043580, 4),
(719, 75, 226292, 4),
(719, 77, 1452236, 4),
(719, 127, 159319, 1),
(719, 173, 317602, 2),
(719, 179, 343074, 2),
(719, 192, 226656, 1),
(720, 11, 1416355, 5),
(720, 67, 995748, 4),
(720, 109, 641046, 2),
(720, 120, 1517480, 5),
(721, 16, 1484704, 4),
(721, 27, 764370, 5),
(721, 115, 1155690, 5),
(721, 144, 1217560, 4),
(721, 191, 201704, 1),
(722, 10, 1066380, 3),
(722, 69, 1003296, 3),
(722, 137, 1148404, 4),
(722, 142, 92190, 2),
(722, 184, 1074196, 4),
(722, 200, 253826, 1),
(723, 55, 516960, 3),
(723, 81, 545425, 5),
(723, 134, 147754, 2),
(724, 52, 1070877, 3),
(724, 72, 783155, 5),
(724, 87, 560016, 3),
(724, 100, 320863, 1),
(724, 112, 790686, 2),
(724, 141, 1027062, 3),
(725, 96, 239746, 2),
(725, 116, 134571, 1),
(725, 140, 1412015, 5),
(725, 167, 544515, 3),
(725, 189, 792264, 2),
(725, 191, 1008520, 5),
(726, 31, 136210, 5),
(726, 90, 123159, 1),
(726, 103, 589578, 3),
(726, 109, 961569, 3),
(726, 120, 1517480, 5),
(727, 72, 156631, 1),
(727, 73, 300522, 2),
(727, 136, 197568, 4),
(727, 162, 55246, 1),
(728, 1, 1189380, 5),
(728, 119, 624780, 2),
(728, 149, 977070, 3),
(728, 163, 650052, 4),
(729, 15, 1118856, 4),
(729, 47, 209357, 1),
(729, 82, 79280, 2),
(729, 142, 230475, 5),
(729, 183, 815304, 3),
(730, 26, 389604, 1),
(730, 49, 647626, 2),
(730, 80, 1906415, 5),
(730, 116, 538284, 4),
(730, 180, 474404, 2),
(731, 22, 813675, 3),
(731, 63, 104346, 2),
(732, 60, 199166, 2),
(732, 77, 363059, 1),
(732, 122, 273148, 4),
(732, 144, 1521950, 5),
(732, 165, 1574280, 4),
(733, 89, 399522, 3),
(733, 164, 960057, 3),
(733, 179, 857685, 5),
(734, 3, 308079, 1),
(734, 8, 343664, 4),
(734, 41, 1395180, 4),
(734, 52, 1070877, 3),
(734, 84, 527976, 4),
(734, 90, 369477, 3),
(734, 92, 240500, 5),
(734, 128, 1147630, 5),
(734, 141, 1027062, 3),
(734, 164, 1280076, 4),
(734, 189, 1584528, 4),
(734, 194, 1390970, 5),
(735, 2, 652332, 3),
(735, 33, 540570, 3),
(735, 100, 1283452, 4),
(735, 149, 1628450, 5),
(735, 175, 517221, 3),
(736, 8, 429580, 5),
(736, 18, 361735, 5),
(736, 93, 153474, 3),
(736, 108, 182679, 1),
(736, 163, 812565, 5),
(737, 50, 1195210, 5),
(737, 56, 498951, 3),
(738, 19, 229174, 1),
(738, 69, 334432, 1),
(738, 115, 462276, 2),
(738, 123, 166668, 4),
(738, 186, 1010064, 4),
(739, 1, 713628, 3),
(739, 47, 418714, 2),
(739, 63, 104346, 2),
(739, 106, 236770, 5),
(739, 122, 68287, 1),
(739, 146, 131268, 3),
(739, 175, 172407, 1),
(739, 180, 948808, 4),
(740, 4, 157508, 4),
(740, 32, 200103, 1),
(740, 126, 744252, 2),
(740, 156, 873885, 5),
(740, 196, 722301, 3),
(741, 16, 371176, 1),
(741, 107, 776044, 4),
(741, 113, 606404, 4),
(741, 141, 1369416, 4),
(741, 145, 1051059, 3),
(741, 150, 1584308, 4),
(741, 167, 726020, 4),
(741, 198, 881164, 4),
(742, 37, 1000107, 3),
(742, 70, 774384, 4),
(742, 80, 1143849, 3),
(743, 29, 367116, 2),
(743, 56, 831585, 5),
(743, 98, 146116, 2),
(743, 104, 188952, 3),
(743, 117, 533052, 2),
(743, 148, 203100, 3),
(743, 159, 776815, 5),
(743, 176, 591546, 2),
(744, 4, 39377, 1),
(744, 15, 1118856, 4),
(744, 20, 250466, 2),
(744, 52, 1070877, 3),
(744, 124, 323668, 1),
(744, 169, 365615, 1),
(745, 15, 1118856, 4),
(745, 72, 783155, 5),
(745, 116, 672855, 5),
(745, 186, 757548, 3),
(746, 4, 39377, 1),
(746, 185, 132204, 3),
(747, 74, 568106, 2),
(747, 102, 831396, 3),
(747, 140, 1412015, 5),
(747, 178, 1065180, 4),
(748, 3, 1540395, 5),
(748, 7, 364270, 2),
(748, 139, 626980, 4),
(748, 153, 134181, 3),
(748, 159, 466089, 3),
(748, 162, 165738, 3),
(749, 75, 113146, 2),
(749, 132, 142863, 1),
(749, 199, 644094, 3),
(750, 1, 1189380, 5),
(750, 43, 583254, 2),
(750, 156, 349554, 2),
(750, 191, 1008520, 5),
(751, 67, 746811, 3),
(751, 86, 586124, 2),
(751, 173, 794005, 5),
(751, 174, 829748, 4),
(751, 200, 253826, 1),
(752, 73, 450783, 3),
(752, 118, 183444, 3),
(752, 122, 68287, 1),
(752, 147, 301545, 3),
(752, 179, 514611, 3),
(753, 123, 41667, 1),
(754, 5, 1039365, 5),
(754, 127, 477957, 3),
(754, 148, 270800, 4),
(754, 171, 835800, 5),
(754, 174, 1037185, 5),
(755, 86, 293062, 1),
(756, 96, 359619, 3),
(756, 130, 455954, 2),
(756, 141, 1027062, 3),
(756, 193, 381767, 1),
(757, 46, 595917, 3),
(757, 47, 1046785, 5),
(757, 127, 477957, 3),
(757, 128, 688578, 3),
(757, 197, 1484036, 4),
(758, 53, 1532432, 4),
(758, 128, 918104, 4),
(758, 194, 556388, 2),
(759, 30, 575996, 2),
(759, 59, 687807, 3),
(759, 101, 1079190, 5),
(759, 148, 67700, 1),
(760, 9, 1323730, 5),
(760, 90, 123159, 1),
(760, 118, 183444, 3),
(760, 119, 1249560, 4),
(760, 188, 242997, 3),
(760, 194, 556388, 2),
(760, 200, 1015304, 4),
(761, 15, 1118856, 4),
(761, 26, 389604, 1),
(761, 106, 236770, 5),
(761, 124, 1294672, 4),
(761, 127, 637276, 4),
(762, 5, 415746, 2),
(762, 82, 39640, 1),
(762, 90, 123159, 1),
(763, 94, 279779, 1),
(763, 99, 887975, 5),
(763, 117, 1066104, 4),
(763, 171, 835800, 5),
(763, 188, 161998, 2),
(764, 5, 623619, 3),
(764, 117, 266526, 1),
(764, 134, 369385, 5),
(764, 158, 127032, 4),
(764, 179, 514611, 3),
(764, 195, 1193960, 5),
(765, 33, 540570, 3),
(765, 91, 637076, 4),
(765, 142, 46095, 1),
(766, 65, 183909, 3),
(766, 71, 1092720, 5),
(766, 92, 96200, 2),
(766, 102, 277132, 1),
(766, 119, 1249560, 4),
(767, 15, 839142, 3),
(767, 87, 933360, 5),
(767, 149, 1302760, 4),
(767, 153, 44727, 1),
(768, 14, 470520, 3),
(768, 36, 892504, 4),
(768, 48, 264752, 1),
(768, 69, 1337728, 4),
(768, 83, 1145880, 5);
INSERT INTO `detail_transaction` (`detail_trans_id`, `detail_prod_id`, `detail_price`, `detail_qty`) VALUES
(768, 132, 285726, 2),
(768, 159, 310726, 2),
(769, 107, 388022, 2),
(770, 14, 627360, 4),
(770, 61, 1530805, 5),
(770, 67, 995748, 4),
(770, 73, 450783, 3),
(770, 90, 615795, 5),
(770, 160, 142497, 3),
(771, 59, 687807, 3),
(771, 77, 1815295, 5),
(771, 80, 762566, 2),
(771, 137, 1435505, 5),
(771, 191, 806816, 4),
(771, 194, 1390970, 5),
(772, 64, 917067, 3),
(772, 80, 1525132, 4),
(772, 87, 373344, 2),
(772, 190, 1756210, 5),
(773, 66, 115048, 2),
(773, 71, 218544, 1),
(773, 87, 746688, 4),
(773, 128, 688578, 3),
(774, 11, 283271, 1),
(774, 109, 961569, 3),
(775, 11, 283271, 1),
(775, 48, 1323760, 5),
(775, 106, 236770, 5),
(775, 126, 744252, 2),
(775, 170, 380252, 1),
(776, 66, 57524, 1),
(776, 135, 925056, 4),
(777, 71, 1092720, 5),
(777, 113, 758005, 5),
(778, 7, 182135, 1),
(778, 90, 615795, 5),
(778, 110, 621032, 4),
(778, 155, 517576, 2),
(779, 25, 1524115, 5),
(779, 57, 337952, 4),
(779, 86, 1172248, 4),
(779, 199, 214698, 1),
(780, 85, 605000, 4),
(780, 174, 1037185, 5),
(780, 183, 1087072, 4),
(781, 40, 434244, 3),
(781, 154, 282120, 2),
(781, 197, 371009, 1),
(782, 116, 672855, 5),
(783, 28, 133677, 1),
(783, 57, 84488, 1),
(783, 114, 1039215, 3),
(783, 118, 122296, 2),
(783, 148, 135400, 2),
(784, 1, 951504, 4),
(784, 97, 769200, 2),
(784, 130, 227977, 1),
(785, 51, 767307, 3),
(785, 76, 271509, 1),
(785, 154, 282120, 2),
(785, 158, 158790, 5),
(786, 35, 520704, 2),
(786, 140, 847209, 3),
(786, 174, 622311, 3),
(786, 178, 1065180, 4),
(787, 9, 529492, 2),
(787, 25, 1219292, 4),
(787, 84, 131994, 1),
(787, 85, 151250, 1),
(787, 115, 1155690, 5),
(787, 130, 1139885, 5),
(787, 133, 1074280, 4),
(787, 166, 113658, 2),
(788, 14, 627360, 4),
(788, 29, 550674, 3),
(788, 54, 371808, 4),
(788, 61, 1224644, 4),
(788, 76, 1357545, 5),
(788, 79, 151200, 2),
(788, 129, 486720, 5),
(789, 48, 1323760, 5),
(789, 60, 298749, 3),
(789, 95, 84712, 2),
(789, 108, 913395, 5),
(789, 126, 1116378, 3),
(789, 185, 132204, 3),
(790, 57, 337952, 4),
(790, 73, 601044, 4),
(790, 117, 799578, 3),
(790, 132, 714315, 5),
(790, 164, 1600095, 5),
(790, 175, 517221, 3),
(791, 10, 1777300, 5),
(791, 20, 125233, 1),
(791, 100, 962589, 3),
(791, 113, 303202, 2),
(791, 197, 1484036, 4),
(792, 29, 367116, 2),
(792, 69, 1337728, 4),
(792, 114, 1732025, 5),
(792, 132, 571452, 4),
(792, 173, 476403, 3),
(793, 22, 271225, 1),
(793, 150, 396077, 1),
(793, 170, 1521008, 4),
(793, 174, 829748, 4),
(793, 176, 591546, 2),
(794, 23, 1090572, 3),
(794, 47, 209357, 1),
(794, 50, 239042, 1),
(794, 54, 92952, 1),
(794, 66, 57524, 1),
(794, 77, 1089177, 3),
(794, 149, 1628450, 5),
(795, 34, 367095, 5),
(795, 43, 583254, 2),
(795, 166, 284145, 5),
(795, 175, 689628, 4),
(796, 2, 652332, 3),
(796, 71, 1092720, 5),
(796, 146, 87512, 2),
(796, 197, 742018, 2),
(797, 17, 379012, 1),
(797, 21, 54472, 1),
(797, 24, 88244, 1),
(797, 60, 298749, 3),
(797, 77, 1815295, 5),
(797, 95, 127068, 3),
(797, 186, 1262580, 5),
(798, 30, 1151992, 4),
(798, 48, 1059008, 4),
(798, 56, 332634, 2),
(798, 80, 1143849, 3),
(799, 55, 172320, 1),
(799, 71, 655632, 3),
(799, 113, 151601, 1),
(799, 156, 524331, 3),
(799, 160, 189996, 4),
(800, 24, 441220, 5),
(800, 27, 305748, 2),
(800, 52, 1784795, 5),
(800, 66, 230096, 4),
(800, 75, 226292, 4),
(800, 153, 134181, 3),
(800, 162, 165738, 3),
(800, 190, 702484, 2),
(801, 91, 637076, 4),
(801, 136, 98784, 2),
(801, 145, 1051059, 3),
(801, 172, 53670, 1),
(802, 13, 1402804, 4),
(802, 57, 253464, 3),
(802, 62, 1554892, 4),
(802, 122, 136574, 2),
(802, 141, 1711770, 5),
(802, 144, 1521950, 5),
(802, 183, 271768, 1),
(802, 189, 396132, 1),
(803, 23, 1454096, 4),
(804, 129, 389376, 4),
(804, 136, 197568, 4),
(804, 150, 1980385, 5),
(804, 175, 344814, 2),
(805, 46, 595917, 3),
(805, 56, 498951, 3),
(805, 69, 334432, 1),
(805, 113, 151601, 1),
(806, 46, 198639, 1),
(806, 62, 1943615, 5),
(806, 125, 144990, 2),
(806, 137, 1148404, 4),
(806, 165, 787140, 2),
(807, 44, 272893, 1),
(807, 47, 1046785, 5),
(807, 132, 428589, 3),
(807, 149, 651380, 2),
(807, 180, 711606, 3),
(807, 183, 1087072, 4),
(808, 32, 600309, 3),
(808, 140, 1129612, 4),
(808, 150, 1584308, 4),
(808, 155, 258788, 1),
(808, 181, 782685, 3),
(809, 24, 441220, 5),
(809, 31, 81726, 3),
(809, 52, 1427836, 4),
(809, 58, 1139496, 4),
(809, 154, 423180, 3),
(809, 157, 698712, 4),
(809, 172, 107340, 2),
(810, 28, 534708, 4),
(810, 73, 300522, 2),
(810, 120, 1213984, 4),
(810, 129, 389376, 4),
(810, 140, 1129612, 4),
(811, 81, 436340, 4),
(811, 127, 796595, 5),
(811, 130, 455954, 2),
(811, 150, 396077, 1),
(811, 155, 517576, 2),
(811, 162, 110492, 2),
(811, 168, 365714, 1),
(811, 178, 1331475, 5),
(812, 1, 237876, 1),
(812, 37, 1000107, 3),
(812, 67, 995748, 4),
(812, 83, 916704, 4),
(812, 145, 1751765, 5),
(812, 196, 1203835, 5),
(813, 12, 941049, 3),
(813, 125, 289980, 4),
(813, 131, 207177, 3),
(814, 124, 1618340, 5),
(814, 162, 110492, 2),
(814, 180, 474404, 2),
(815, 115, 924552, 4),
(815, 194, 556388, 2),
(816, 21, 272360, 5),
(816, 87, 560016, 3),
(817, 61, 1224644, 4),
(817, 143, 631458, 2),
(817, 155, 1035152, 4),
(817, 196, 240767, 1),
(818, 15, 279714, 1),
(818, 40, 723740, 5),
(818, 84, 527976, 4),
(818, 113, 606404, 4),
(818, 124, 1618340, 5),
(818, 134, 147754, 2),
(818, 182, 1411740, 4),
(818, 184, 268549, 1),
(819, 143, 947187, 3),
(819, 145, 1401412, 4),
(819, 149, 651380, 2),
(819, 176, 295773, 1),
(820, 59, 229269, 1),
(820, 108, 913395, 5),
(820, 154, 282120, 2),
(820, 164, 1600095, 5),
(820, 182, 1058805, 3),
(821, 8, 429580, 5),
(821, 9, 1058984, 4),
(821, 22, 1356125, 5),
(821, 95, 211780, 5),
(821, 122, 273148, 4),
(821, 158, 95274, 3),
(821, 161, 502784, 2),
(822, 23, 727048, 2),
(822, 31, 54484, 2),
(822, 85, 453750, 3),
(822, 114, 1732025, 5),
(823, 46, 397278, 2),
(824, 4, 78754, 2),
(824, 63, 260865, 5),
(824, 76, 271509, 1),
(824, 121, 170361, 1),
(824, 195, 955168, 4),
(825, 66, 57524, 1),
(826, 28, 534708, 4),
(826, 47, 1046785, 5),
(826, 65, 61303, 1),
(826, 181, 1304475, 5),
(827, 36, 669378, 3),
(827, 40, 434244, 3),
(827, 111, 294260, 2),
(827, 113, 454803, 3),
(827, 127, 477957, 3),
(827, 147, 402060, 4),
(827, 152, 126897, 3),
(827, 163, 325026, 2),
(827, 171, 167160, 1),
(828, 22, 271225, 1),
(828, 63, 104346, 2),
(828, 66, 115048, 2),
(828, 95, 169424, 4),
(828, 169, 1096845, 3),
(829, 10, 1066380, 3),
(829, 17, 1895060, 5),
(829, 48, 794256, 3),
(829, 113, 606404, 4),
(829, 143, 1262916, 4),
(829, 160, 237495, 5),
(829, 191, 403408, 2),
(830, 2, 1087220, 5),
(830, 88, 679347, 3),
(830, 99, 177595, 1),
(830, 140, 564806, 2),
(830, 153, 223635, 5),
(830, 174, 622311, 3),
(831, 30, 287998, 1),
(831, 163, 162513, 1),
(831, 198, 881164, 4),
(832, 31, 81726, 3),
(832, 174, 622311, 3),
(833, 11, 283271, 1),
(833, 51, 1023076, 4),
(833, 59, 1146345, 5),
(833, 121, 681444, 4),
(834, 36, 446252, 2),
(834, 125, 362475, 5),
(834, 173, 635204, 4),
(835, 15, 559428, 2),
(835, 69, 334432, 1),
(835, 77, 1089177, 3),
(835, 90, 369477, 3),
(835, 91, 637076, 4),
(835, 99, 177595, 1),
(835, 114, 1385620, 4),
(835, 135, 462528, 2),
(835, 168, 365714, 1),
(836, 22, 271225, 1),
(836, 29, 550674, 3),
(836, 40, 723740, 5),
(836, 70, 580788, 3),
(836, 145, 1401412, 4),
(837, 25, 609646, 2),
(837, 52, 1070877, 3),
(837, 132, 428589, 3),
(837, 161, 754176, 3),
(837, 200, 253826, 1),
(838, 183, 543536, 2),
(839, 134, 221631, 3),
(840, 10, 355460, 1),
(840, 45, 314364, 4),
(840, 58, 569748, 2),
(840, 104, 62984, 1),
(840, 113, 303202, 2),
(840, 114, 1732025, 5),
(841, 8, 85916, 1),
(841, 67, 1244685, 5),
(841, 74, 1420265, 5),
(841, 84, 131994, 1),
(841, 119, 312390, 1),
(841, 131, 276236, 4),
(841, 186, 1262580, 5),
(842, 12, 941049, 3),
(842, 147, 502575, 5),
(842, 150, 792154, 2),
(842, 175, 689628, 4),
(842, 187, 808128, 3),
(843, 22, 1356125, 5),
(843, 70, 967980, 5),
(843, 89, 266348, 2),
(844, 31, 81726, 3),
(845, 36, 446252, 2),
(845, 59, 458538, 2),
(845, 82, 39640, 1),
(845, 90, 369477, 3),
(845, 151, 1037360, 5),
(845, 170, 380252, 1),
(846, 62, 1943615, 5),
(846, 74, 1420265, 5),
(846, 76, 1086036, 4),
(846, 138, 476060, 5),
(846, 144, 304390, 1),
(846, 183, 271768, 1),
(847, 23, 363524, 1),
(847, 50, 478084, 2),
(847, 51, 1023076, 4),
(847, 155, 1035152, 4),
(848, 50, 717126, 3),
(848, 126, 1116378, 3),
(848, 168, 731428, 2),
(849, 19, 916696, 4),
(849, 45, 235773, 3),
(850, 2, 869776, 4),
(850, 124, 1294672, 4),
(850, 145, 700706, 2),
(850, 173, 317602, 2),
(851, 62, 1943615, 5),
(851, 105, 74017, 1),
(851, 189, 1980660, 5),
(852, 109, 961569, 3),
(853, 1, 1189380, 5),
(853, 105, 296068, 4),
(853, 113, 454803, 3),
(853, 129, 486720, 5),
(853, 146, 87512, 2),
(853, 167, 181505, 1),
(853, 170, 1521008, 4),
(853, 172, 161010, 3),
(853, 188, 323996, 4),
(854, 9, 1323730, 5),
(854, 16, 1855880, 5),
(854, 19, 229174, 1),
(854, 20, 250466, 2),
(854, 59, 917076, 4),
(854, 143, 1578645, 5),
(855, 104, 314920, 5),
(855, 192, 226656, 1),
(855, 193, 763534, 2),
(856, 1, 475752, 2),
(856, 72, 313262, 2),
(856, 88, 452898, 2),
(856, 91, 318538, 2),
(856, 104, 251936, 4),
(857, 36, 446252, 2),
(857, 69, 334432, 1),
(857, 84, 395982, 3),
(857, 113, 454803, 3),
(857, 152, 126897, 3),
(857, 158, 95274, 3),
(858, 31, 81726, 3),
(858, 47, 628071, 3),
(858, 59, 687807, 3),
(858, 101, 1079190, 5),
(858, 106, 94708, 2),
(858, 131, 138118, 2),
(859, 13, 350701, 1),
(859, 100, 962589, 3),
(859, 105, 148034, 2),
(859, 126, 372126, 1),
(859, 130, 683931, 3),
(859, 160, 189996, 4),
(859, 172, 214680, 4),
(859, 197, 371009, 1),
(860, 5, 831492, 4),
(860, 6, 160176, 3),
(860, 48, 794256, 3),
(860, 59, 687807, 3),
(860, 74, 568106, 2),
(860, 190, 351242, 1),
(860, 195, 1193960, 5),
(861, 6, 213568, 4),
(861, 48, 1059008, 4),
(861, 66, 57524, 1),
(861, 85, 151250, 1),
(861, 111, 147130, 1),
(861, 131, 138118, 2),
(861, 149, 651380, 2),
(862, 19, 229174, 1),
(862, 55, 344640, 2),
(862, 141, 1369416, 4),
(862, 154, 423180, 3),
(863, 22, 1356125, 5),
(863, 27, 152874, 1),
(863, 49, 1619065, 5),
(863, 131, 345295, 5),
(863, 160, 237495, 5),
(863, 167, 363010, 2),
(863, 168, 731428, 2),
(864, 8, 171832, 2),
(864, 85, 151250, 1),
(864, 87, 746688, 4),
(864, 97, 384600, 1),
(864, 104, 188952, 3),
(864, 113, 303202, 2),
(864, 123, 166668, 4),
(864, 145, 1051059, 3),
(865, 26, 389604, 1),
(865, 57, 84488, 1),
(865, 139, 626980, 4),
(866, 32, 600309, 3),
(866, 62, 777446, 2),
(866, 157, 698712, 4),
(866, 172, 53670, 1),
(866, 194, 556388, 2),
(867, 35, 260352, 1),
(867, 64, 611378, 2),
(867, 111, 147130, 1),
(867, 136, 246960, 5),
(868, 37, 333369, 1),
(868, 58, 1139496, 4),
(868, 74, 284053, 1),
(868, 186, 757548, 3),
(869, 3, 1540395, 5),
(869, 52, 1784795, 5),
(869, 72, 156631, 1),
(869, 111, 147130, 1),
(869, 152, 42299, 1),
(869, 188, 161998, 2),
(869, 192, 906624, 4),
(870, 10, 1777300, 5),
(870, 109, 961569, 3),
(870, 151, 414944, 2),
(870, 165, 1574280, 4),
(871, 57, 168976, 2),
(871, 107, 388022, 2),
(872, 15, 1118856, 4),
(872, 31, 54484, 2),
(872, 123, 83334, 2),
(873, 22, 1356125, 5),
(873, 69, 1672160, 5),
(874, 1, 237876, 1),
(874, 47, 418714, 2),
(874, 97, 769200, 2),
(874, 131, 207177, 3),
(874, 162, 165738, 3),
(874, 164, 320019, 1),
(874, 171, 334320, 2),
(875, 105, 148034, 2),
(875, 149, 1302760, 4),
(876, 5, 207873, 1),
(876, 26, 389604, 1),
(876, 57, 168976, 2),
(876, 66, 230096, 4),
(877, 73, 150261, 1),
(877, 90, 246318, 2),
(877, 93, 204632, 4),
(877, 159, 466089, 3),
(877, 161, 251392, 1),
(877, 173, 635204, 4),
(877, 180, 711606, 3),
(878, 90, 123159, 1),
(878, 136, 98784, 2),
(879, 95, 169424, 4),
(880, 49, 971439, 3),
(880, 67, 1244685, 5),
(880, 82, 198200, 5),
(880, 144, 304390, 1),
(880, 152, 126897, 3),
(881, 43, 291627, 1),
(881, 57, 422440, 5),
(881, 63, 52173, 1),
(881, 111, 147130, 1),
(881, 120, 910488, 3),
(881, 158, 31758, 1),
(881, 172, 161010, 3),
(882, 27, 611496, 4),
(882, 34, 220257, 3),
(882, 79, 75600, 1),
(882, 110, 621032, 4),
(882, 130, 911908, 4),
(883, 14, 156840, 1),
(883, 19, 916696, 4),
(883, 70, 193596, 1),
(883, 87, 560016, 3),
(883, 137, 287101, 1),
(883, 150, 1584308, 4),
(883, 198, 220291, 1),
(884, 20, 500932, 4),
(884, 36, 446252, 2),
(885, 63, 156519, 3),
(885, 159, 466089, 3),
(885, 163, 650052, 4),
(885, 184, 805647, 3),
(886, 51, 1278845, 5),
(886, 83, 687528, 3),
(886, 99, 177595, 1),
(886, 118, 61148, 1),
(886, 135, 693792, 3),
(886, 144, 304390, 1),
(886, 155, 776364, 3),
(886, 170, 1901260, 5),
(887, 4, 39377, 1),
(887, 31, 136210, 5),
(887, 46, 794556, 4),
(887, 53, 383108, 1),
(887, 65, 183909, 3),
(888, 93, 102316, 2),
(888, 121, 170361, 1),
(888, 163, 325026, 2),
(889, 27, 764370, 5),
(889, 51, 767307, 3),
(889, 74, 284053, 1),
(889, 86, 1172248, 4),
(889, 97, 384600, 1),
(889, 119, 1561950, 5),
(889, 140, 847209, 3),
(889, 187, 808128, 3),
(890, 11, 283271, 1),
(890, 72, 156631, 1),
(891, 55, 172320, 1),
(892, 27, 305748, 2),
(892, 67, 995748, 4),
(892, 115, 693414, 3),
(892, 134, 147754, 2),
(893, 74, 1136212, 4),
(893, 80, 381283, 1),
(893, 93, 255790, 5),
(893, 96, 479492, 4),
(893, 101, 431676, 2),
(893, 145, 700706, 2),
(893, 153, 89454, 2),
(894, 26, 389604, 1),
(894, 37, 333369, 1),
(894, 40, 434244, 3),
(894, 47, 209357, 1),
(894, 86, 1465310, 5),
(894, 155, 1293940, 5),
(895, 12, 941049, 3),
(895, 38, 706512, 3),
(895, 57, 84488, 1),
(895, 62, 1554892, 4),
(895, 81, 545425, 5),
(895, 122, 68287, 1),
(895, 138, 190424, 2),
(895, 168, 731428, 2),
(896, 5, 831492, 4),
(896, 23, 1817620, 5),
(896, 129, 292032, 3),
(896, 141, 684708, 2),
(896, 155, 776364, 3),
(896, 197, 1484036, 4),
(897, 29, 917790, 5),
(897, 72, 783155, 5),
(897, 75, 282865, 5),
(897, 95, 211780, 5),
(897, 118, 305740, 5),
(897, 147, 502575, 5),
(898, 39, 774125, 5),
(899, 10, 1777300, 5),
(899, 194, 1112776, 4),
(900, 17, 1516048, 4),
(900, 20, 250466, 2),
(900, 63, 260865, 5),
(900, 87, 933360, 5),
(900, 114, 1039215, 3),
(900, 163, 650052, 4),
(901, 102, 1108528, 4),
(901, 144, 608780, 2),
(901, 172, 214680, 4),
(902, 23, 727048, 2),
(902, 46, 198639, 1),
(902, 62, 388723, 1),
(902, 85, 453750, 3),
(902, 91, 637076, 4),
(902, 151, 622416, 3),
(902, 185, 132204, 3),
(903, 17, 1516048, 4),
(903, 61, 612322, 2),
(903, 142, 138285, 3),
(903, 173, 317602, 2),
(903, 182, 705870, 2),
(904, 18, 217041, 3),
(904, 29, 550674, 3),
(904, 163, 812565, 5),
(904, 166, 170487, 3),
(904, 191, 201704, 1),
(905, 1, 951504, 4),
(905, 44, 818679, 3),
(905, 77, 1089177, 3),
(905, 99, 177595, 1),
(905, 144, 1217560, 4),
(905, 176, 887319, 3),
(906, 19, 229174, 1),
(906, 51, 1278845, 5),
(906, 90, 246318, 2),
(906, 132, 428589, 3),
(907, 17, 758024, 2),
(907, 25, 1219292, 4),
(907, 27, 152874, 1),
(907, 110, 155258, 1),
(907, 130, 455954, 2),
(907, 140, 282403, 1),
(907, 178, 1065180, 4),
(908, 75, 169719, 3),
(908, 88, 452898, 2),
(908, 95, 42356, 1),
(908, 174, 829748, 4),
(908, 190, 702484, 2),
(909, 11, 1416355, 5),
(909, 16, 1113528, 3),
(909, 37, 1666845, 5),
(909, 49, 647626, 2),
(909, 54, 185904, 2),
(909, 66, 172572, 3),
(909, 77, 1089177, 3),
(910, 10, 355460, 1),
(910, 62, 388723, 1),
(910, 70, 774384, 4),
(910, 99, 710380, 4),
(910, 100, 1604315, 5),
(911, 34, 220257, 3),
(911, 48, 1059008, 4),
(911, 68, 560260, 2),
(911, 150, 792154, 2),
(911, 199, 644094, 3),
(912, 8, 85916, 1),
(912, 18, 289388, 4),
(912, 58, 1424370, 5),
(912, 86, 1465310, 5),
(912, 100, 320863, 1),
(912, 119, 1249560, 4),
(912, 120, 1213984, 4),
(912, 134, 73877, 1),
(912, 171, 668640, 4),
(912, 191, 605112, 3),
(913, 110, 465774, 3),
(913, 152, 42299, 1),
(914, 66, 287620, 5),
(914, 132, 285726, 2),
(914, 139, 470235, 3),
(914, 167, 363010, 2),
(915, 41, 1046385, 3),
(915, 48, 1059008, 4),
(915, 85, 151250, 1),
(915, 95, 211780, 5),
(915, 143, 315729, 1),
(915, 150, 1980385, 5),
(915, 195, 716376, 3),
(916, 3, 616158, 2),
(916, 56, 665268, 4),
(916, 86, 1465310, 5),
(916, 134, 295508, 4),
(916, 158, 95274, 3),
(917, 36, 1115630, 5),
(917, 44, 1091572, 4),
(917, 57, 168976, 2),
(917, 62, 1554892, 4),
(917, 115, 462276, 2),
(917, 130, 683931, 3),
(917, 149, 651380, 2),
(917, 154, 423180, 3),
(917, 183, 1087072, 4),
(918, 73, 300522, 2),
(918, 98, 146116, 2),
(918, 121, 170361, 1),
(918, 127, 477957, 3),
(918, 133, 1342850, 5),
(918, 173, 158801, 1),
(919, 30, 575996, 2),
(919, 59, 1146345, 5),
(919, 104, 125968, 2),
(919, 122, 341435, 5),
(920, 10, 710920, 2),
(920, 77, 363059, 1),
(920, 183, 543536, 2),
(921, 37, 1333476, 4),
(921, 47, 418714, 2),
(921, 80, 1906415, 5),
(921, 106, 142062, 3),
(921, 132, 285726, 2),
(921, 186, 505032, 2),
(922, 139, 313490, 2),
(923, 101, 647514, 3),
(923, 114, 1385620, 4),
(924, 65, 61303, 1),
(924, 71, 1092720, 5),
(924, 80, 381283, 1),
(924, 186, 505032, 2),
(924, 196, 722301, 3),
(925, 9, 794238, 3),
(925, 66, 172572, 3),
(925, 136, 246960, 5),
(925, 151, 414944, 2),
(925, 193, 1527068, 4),
(926, 72, 313262, 2),
(926, 198, 660873, 3),
(927, 16, 1855880, 5),
(927, 52, 1427836, 4),
(927, 97, 1153800, 3),
(927, 101, 215838, 1),
(927, 147, 502575, 5),
(927, 151, 622416, 3),
(927, 169, 365615, 1),
(928, 72, 626524, 4),
(928, 103, 393052, 2),
(928, 162, 55246, 1),
(928, 173, 635204, 4),
(929, 44, 1364465, 5),
(929, 69, 1672160, 5),
(929, 73, 751305, 5),
(929, 78, 57915, 1),
(929, 97, 769200, 2),
(929, 177, 282116, 2),
(930, 17, 1516048, 4),
(930, 25, 1524115, 5),
(930, 29, 917790, 5),
(930, 65, 61303, 1),
(930, 86, 879186, 3),
(931, 23, 1817620, 5),
(931, 26, 1168812, 3),
(931, 98, 73058, 1),
(931, 179, 343074, 2),
(932, 56, 332634, 2),
(932, 69, 1672160, 5),
(932, 71, 874176, 4),
(932, 94, 559558, 2),
(932, 103, 393052, 2),
(932, 113, 606404, 4),
(932, 141, 1711770, 5),
(932, 161, 502784, 2),
(932, 198, 220291, 1),
(933, 30, 287998, 1),
(933, 43, 583254, 2),
(933, 45, 235773, 3),
(933, 59, 1146345, 5),
(933, 78, 115830, 2),
(933, 82, 158560, 4),
(933, 94, 1398895, 5),
(933, 109, 641046, 2),
(933, 130, 455954, 2),
(933, 172, 53670, 1),
(933, 190, 1404968, 4),
(933, 196, 481534, 2),
(934, 67, 497874, 2),
(934, 111, 735650, 5),
(934, 114, 1385620, 4),
(934, 182, 1058805, 3),
(935, 5, 207873, 1),
(935, 14, 470520, 3),
(935, 21, 217888, 4),
(935, 28, 401031, 3),
(935, 104, 125968, 2),
(935, 123, 125001, 3),
(935, 132, 142863, 1),
(935, 179, 171537, 1),
(935, 200, 1015304, 4),
(936, 21, 272360, 5),
(936, 101, 863352, 4),
(936, 138, 380848, 4),
(936, 140, 1129612, 4),
(936, 181, 260895, 1),
(937, 35, 1301760, 5),
(937, 76, 1086036, 4),
(937, 166, 113658, 2),
(938, 2, 217444, 1),
(938, 46, 794556, 4),
(938, 98, 365290, 5),
(938, 109, 320523, 1),
(938, 179, 343074, 2),
(939, 25, 609646, 2),
(939, 55, 516960, 3),
(939, 138, 476060, 5),
(940, 31, 136210, 5),
(940, 67, 1244685, 5),
(940, 104, 251936, 4),
(940, 114, 692810, 2),
(940, 150, 792154, 2),
(940, 152, 42299, 1),
(940, 155, 258788, 1),
(940, 158, 31758, 1),
(941, 67, 248937, 1),
(941, 101, 431676, 2),
(941, 113, 454803, 3),
(942, 25, 1524115, 5),
(942, 39, 154825, 1),
(942, 77, 1815295, 5),
(942, 101, 863352, 4),
(943, 73, 150261, 1),
(943, 144, 913170, 3),
(943, 155, 776364, 3),
(944, 22, 1356125, 5),
(944, 46, 794556, 4),
(944, 138, 190424, 2),
(945, 61, 1530805, 5),
(945, 97, 1153800, 3),
(945, 116, 403713, 3),
(945, 165, 1574280, 4),
(946, 36, 446252, 2),
(946, 66, 230096, 4),
(946, 109, 641046, 2),
(946, 111, 735650, 5),
(946, 119, 1561950, 5),
(946, 172, 214680, 4),
(947, 4, 157508, 4),
(947, 8, 343664, 4),
(947, 33, 180190, 1),
(947, 93, 102316, 2),
(947, 133, 268570, 1),
(947, 165, 787140, 2),
(947, 178, 798885, 3),
(948, 106, 94708, 2),
(948, 150, 1188231, 3),
(949, 47, 628071, 3),
(949, 103, 196526, 1),
(949, 187, 269376, 1),
(950, 49, 1619065, 5),
(950, 116, 269142, 2),
(950, 152, 84598, 2),
(950, 164, 1280076, 4),
(950, 181, 260895, 1),
(951, 14, 313680, 2),
(951, 122, 136574, 2),
(951, 174, 414874, 2),
(952, 3, 1232316, 4),
(952, 29, 367116, 2),
(952, 41, 697590, 2),
(952, 47, 209357, 1),
(952, 59, 917076, 4),
(952, 65, 245212, 4),
(952, 192, 679968, 3),
(953, 27, 764370, 5),
(953, 28, 401031, 3),
(953, 68, 1400650, 5),
(953, 91, 477807, 3),
(954, 110, 310516, 2),
(955, 13, 1402804, 4),
(956, 59, 229269, 1),
(956, 150, 1980385, 5),
(956, 155, 1035152, 4),
(956, 156, 349554, 2),
(957, 115, 1155690, 5),
(957, 134, 369385, 5),
(957, 194, 1112776, 4),
(958, 54, 278856, 3),
(958, 95, 169424, 4),
(958, 178, 798885, 3),
(959, 51, 767307, 3),
(959, 128, 229526, 1),
(960, 125, 289980, 4),
(960, 140, 1412015, 5),
(960, 158, 63516, 2),
(961, 75, 169719, 3),
(961, 80, 1525132, 4),
(961, 101, 647514, 3),
(961, 103, 589578, 3),
(961, 174, 207437, 1),
(962, 6, 53392, 1),
(962, 55, 516960, 3),
(962, 57, 337952, 4),
(962, 62, 1166169, 3),
(962, 75, 56573, 1),
(962, 88, 679347, 3),
(962, 111, 441390, 3),
(962, 124, 323668, 1),
(963, 21, 54472, 1),
(963, 41, 1743975, 5),
(963, 60, 497915, 5),
(963, 109, 961569, 3),
(963, 145, 700706, 2),
(963, 176, 1478865, 5),
(963, 193, 1145301, 3),
(964, 14, 627360, 4),
(964, 88, 226449, 1),
(964, 159, 466089, 3),
(964, 188, 404995, 5),
(965, 66, 115048, 2),
(965, 95, 42356, 1),
(965, 98, 365290, 5),
(965, 103, 786104, 4),
(965, 121, 170361, 1),
(965, 179, 857685, 5),
(966, 59, 687807, 3),
(967, 4, 196885, 5),
(967, 22, 813675, 3),
(967, 83, 687528, 3),
(967, 110, 621032, 4),
(967, 183, 543536, 2),
(968, 66, 172572, 3),
(968, 161, 251392, 1),
(968, 181, 782685, 3),
(969, 15, 1118856, 4),
(969, 78, 289575, 5),
(969, 110, 310516, 2),
(969, 160, 237495, 5),
(969, 162, 220984, 4),
(970, 12, 1254732, 4),
(970, 69, 1003296, 3),
(970, 82, 198200, 5),
(971, 10, 710920, 2),
(971, 11, 849813, 3),
(971, 73, 150261, 1),
(971, 153, 134181, 3),
(971, 157, 873390, 5),
(972, 52, 1427836, 4),
(972, 94, 559558, 2),
(973, 99, 532785, 3),
(973, 100, 1283452, 4),
(973, 111, 735650, 5),
(973, 143, 631458, 2),
(973, 196, 1203835, 5),
(974, 158, 158790, 5),
(975, 20, 500932, 4),
(975, 33, 900950, 5),
(975, 35, 260352, 1),
(975, 88, 1132245, 5),
(975, 164, 320019, 1),
(975, 199, 858792, 4),
(976, 12, 1568415, 5),
(976, 27, 305748, 2),
(976, 30, 1439990, 5),
(976, 192, 679968, 3),
(977, 38, 706512, 3),
(977, 184, 1074196, 4),
(978, 24, 441220, 5),
(978, 94, 559558, 2),
(978, 110, 465774, 3),
(978, 118, 183444, 3),
(978, 121, 851805, 5),
(978, 180, 711606, 3),
(979, 73, 601044, 4),
(979, 84, 395982, 3),
(979, 100, 641726, 2),
(979, 124, 971004, 3),
(979, 128, 918104, 4),
(979, 141, 1027062, 3),
(979, 174, 829748, 4),
(979, 197, 1113027, 3),
(980, 10, 355460, 1),
(980, 36, 446252, 2),
(980, 112, 1186029, 3),
(980, 150, 1188231, 3),
(981, 23, 727048, 2),
(981, 50, 956168, 4),
(982, 25, 1524115, 5),
(982, 57, 253464, 3),
(982, 68, 1120520, 4),
(982, 84, 131994, 1),
(982, 144, 304390, 1),
(982, 153, 44727, 1),
(982, 174, 207437, 1),
(983, 18, 289388, 4),
(983, 34, 73419, 1),
(983, 38, 942016, 4),
(983, 73, 150261, 1),
(983, 102, 277132, 1),
(983, 131, 138118, 2),
(983, 178, 532590, 2),
(983, 184, 805647, 3),
(984, 25, 609646, 2),
(984, 135, 925056, 4),
(984, 138, 95212, 1),
(984, 148, 203100, 3),
(984, 170, 380252, 1),
(984, 183, 1358840, 5),
(984, 193, 381767, 1),
(984, 200, 1269130, 5),
(985, 3, 308079, 1),
(985, 87, 373344, 2),
(985, 114, 1732025, 5),
(986, 37, 1000107, 3),
(986, 147, 201030, 2),
(986, 182, 1058805, 3),
(987, 13, 1753505, 5),
(987, 55, 516960, 3),
(987, 62, 1166169, 3),
(987, 134, 221631, 3),
(987, 150, 1584308, 4),
(988, 73, 300522, 2),
(988, 93, 204632, 4),
(988, 112, 1186029, 3),
(988, 136, 148176, 3),
(988, 163, 812565, 5),
(988, 176, 1183092, 4),
(988, 199, 214698, 1),
(989, 4, 157508, 4),
(989, 14, 470520, 3),
(989, 16, 1484704, 4),
(989, 24, 264732, 3),
(989, 30, 863994, 3),
(989, 86, 1172248, 4),
(989, 118, 244592, 4),
(989, 199, 858792, 4),
(990, 9, 1058984, 4),
(990, 79, 151200, 2),
(990, 106, 47354, 1),
(990, 147, 502575, 5),
(990, 181, 1043580, 4),
(991, 187, 808128, 3),
(992, 26, 779208, 2),
(992, 41, 1046385, 3),
(992, 42, 525535, 5),
(993, 122, 68287, 1),
(993, 159, 776815, 5),
(993, 171, 668640, 4),
(994, 9, 529492, 2),
(994, 55, 861600, 5),
(994, 67, 995748, 4),
(995, 1, 713628, 3),
(995, 19, 916696, 4),
(995, 72, 626524, 4),
(995, 117, 1066104, 4),
(995, 163, 812565, 5),
(995, 179, 343074, 2),
(995, 180, 948808, 4),
(996, 17, 1516048, 4),
(996, 94, 1398895, 5),
(996, 109, 641046, 2),
(996, 149, 1628450, 5),
(996, 175, 517221, 3),
(997, 82, 198200, 5),
(998, 19, 458348, 2),
(998, 106, 47354, 1),
(998, 110, 776290, 5),
(998, 184, 1342745, 5),
(998, 188, 404995, 5),
(999, 31, 81726, 3),
(999, 47, 837428, 4),
(999, 137, 861303, 3),
(999, 159, 155363, 1),
(1000, 6, 106784, 2),
(1000, 24, 352976, 4),
(1000, 32, 1000515, 5),
(1000, 48, 1059008, 4),
(1000, 110, 310516, 2),
(1001, 7, 910675, 5),
(1001, 46, 595917, 3),
(1001, 102, 554264, 2),
(1001, 133, 805710, 3),
(1001, 139, 470235, 3),
(1002, 14, 627360, 4),
(1002, 19, 229174, 1),
(1002, 59, 1146345, 5),
(1002, 82, 118920, 3),
(1002, 91, 637076, 4),
(1002, 191, 403408, 2),
(1003, 15, 1398570, 5),
(1003, 71, 218544, 1),
(1003, 74, 284053, 1),
(1003, 81, 109085, 1),
(1003, 108, 182679, 1),
(1003, 143, 947187, 3),
(1003, 162, 110492, 2),
(1004, 3, 1540395, 5),
(1004, 31, 27242, 1),
(1004, 48, 529504, 2),
(1004, 109, 641046, 2),
(1004, 137, 574202, 2),
(1005, 15, 559428, 2),
(1005, 32, 600309, 3),
(1005, 45, 157182, 2),
(1006, 9, 1058984, 4),
(1006, 30, 575996, 2),
(1006, 163, 487539, 3),
(1007, 50, 239042, 1),
(1007, 179, 343074, 2),
(1007, 200, 253826, 1),
(1008, 38, 471008, 2),
(1008, 84, 131994, 1),
(1008, 126, 1116378, 3),
(1008, 180, 474404, 2),
(1009, 9, 529492, 2),
(1009, 82, 198200, 5),
(1009, 87, 933360, 5),
(1009, 113, 606404, 4),
(1009, 143, 315729, 1),
(1009, 163, 650052, 4),
(1009, 180, 711606, 3),
(1010, 17, 1895060, 5),
(1010, 160, 94998, 2),
(1010, 200, 761478, 3),
(1011, 151, 414944, 2),
(1011, 163, 812565, 5),
(1011, 192, 1133280, 5),
(1012, 11, 1416355, 5),
(1012, 73, 300522, 2),
(1012, 109, 1602615, 5),
(1012, 115, 693414, 3),
(1012, 118, 61148, 1),
(1012, 157, 873390, 5),
(1013, 20, 375699, 3),
(1013, 64, 1528445, 5),
(1013, 194, 278194, 1),
(1014, 114, 692810, 2),
(1014, 121, 851805, 5),
(1014, 191, 806816, 4),
(1015, 64, 611378, 2),
(1015, 120, 1213984, 4),
(1015, 122, 204861, 3),
(1015, 125, 72495, 1),
(1015, 179, 171537, 1),
(1016, 65, 245212, 4),
(1016, 92, 192400, 4),
(1016, 108, 182679, 1),
(1016, 127, 796595, 5),
(1016, 167, 726020, 4),
(1016, 179, 514611, 3),
(1017, 14, 470520, 3),
(1017, 87, 186672, 1),
(1017, 88, 1132245, 5),
(1017, 94, 1119116, 4),
(1017, 131, 138118, 2),
(1017, 143, 1578645, 5),
(1017, 164, 320019, 1),
(1017, 193, 1527068, 4),
(1018, 2, 434888, 2),
(1018, 115, 231138, 1),
(1018, 172, 161010, 3),
(1018, 175, 517221, 3),
(1018, 197, 742018, 2),
(1019, 71, 655632, 3),
(1019, 176, 1183092, 4),
(1019, 188, 323996, 4),
(1019, 194, 834582, 3),
(1020, 26, 1168812, 3),
(1020, 173, 635204, 4),
(1021, 24, 88244, 1),
(1021, 94, 1119116, 4),
(1021, 97, 769200, 2),
(1022, 21, 163416, 3),
(1022, 127, 796595, 5),
(1022, 158, 31758, 1),
(1023, 30, 287998, 1),
(1023, 51, 1023076, 4),
(1023, 108, 730716, 4),
(1023, 118, 61148, 1),
(1023, 151, 1037360, 5),
(1023, 175, 689628, 4),
(1024, 75, 169719, 3),
(1024, 137, 574202, 2),
(1025, 7, 364270, 2),
(1025, 151, 829888, 4),
(1026, 173, 794005, 5),
(1026, 193, 381767, 1),
(1027, 14, 470520, 3),
(1027, 38, 1177520, 5),
(1027, 60, 199166, 2),
(1027, 192, 906624, 4),
(1028, 78, 173745, 3),
(1028, 79, 226800, 3),
(1029, 10, 710920, 2),
(1029, 55, 861600, 5),
(1029, 69, 668864, 2),
(1029, 71, 218544, 1),
(1029, 79, 302400, 4),
(1029, 153, 223635, 5),
(1030, 56, 332634, 2),
(1030, 68, 840390, 3),
(1030, 80, 762566, 2),
(1030, 90, 246318, 2),
(1030, 151, 829888, 4),
(1030, 157, 873390, 5),
(1031, 30, 1151992, 4),
(1031, 102, 277132, 1),
(1031, 118, 305740, 5),
(1031, 134, 73877, 1),
(1031, 141, 1711770, 5),
(1031, 161, 1256960, 5),
(1032, 11, 1133084, 4),
(1032, 61, 918483, 3),
(1032, 138, 95212, 1),
(1032, 146, 43756, 1),
(1033, 12, 1254732, 4),
(1033, 14, 156840, 1),
(1033, 23, 363524, 1),
(1033, 30, 287998, 1),
(1033, 98, 365290, 5),
(1033, 99, 177595, 1),
(1033, 161, 754176, 3),
(1034, 35, 260352, 1),
(1034, 60, 398332, 4),
(1034, 64, 1222756, 4),
(1034, 127, 477957, 3),
(1034, 132, 571452, 4),
(1034, 185, 88136, 2),
(1034, 194, 1112776, 4),
(1035, 5, 1039365, 5),
(1035, 31, 81726, 3),
(1035, 47, 837428, 4),
(1035, 79, 75600, 1),
(1035, 80, 1525132, 4),
(1035, 87, 373344, 2),
(1035, 110, 776290, 5),
(1035, 199, 214698, 1),
(1036, 61, 612322, 2),
(1036, 74, 568106, 2),
(1036, 104, 62984, 1),
(1036, 146, 175024, 4),
(1036, 174, 1037185, 5),
(1037, 108, 548037, 3),
(1037, 140, 847209, 3),
(1037, 186, 252516, 1),
(1038, 27, 458622, 3),
(1038, 189, 396132, 1),
(1039, 34, 220257, 3),
(1039, 62, 1943615, 5),
(1039, 71, 874176, 4),
(1039, 138, 476060, 5),
(1039, 160, 189996, 4),
(1039, 171, 167160, 1),
(1040, 18, 217041, 3),
(1040, 53, 1532432, 4),
(1040, 72, 156631, 1),
(1041, 91, 159269, 1),
(1041, 94, 559558, 2),
(1041, 143, 947187, 3),
(1041, 144, 1217560, 4),
(1041, 151, 622416, 3),
(1041, 169, 731230, 2),
(1042, 8, 257748, 3),
(1042, 19, 458348, 2),
(1042, 28, 267354, 2),
(1042, 87, 560016, 3),
(1042, 112, 1976715, 5),
(1042, 141, 684708, 2),
(1042, 143, 947187, 3),
(1043, 16, 1855880, 5),
(1043, 25, 609646, 2),
(1043, 97, 769200, 2),
(1043, 179, 514611, 3),
(1043, 191, 403408, 2),
(1044, 25, 304823, 1),
(1044, 46, 397278, 2),
(1044, 48, 264752, 1),
(1044, 55, 516960, 3),
(1044, 69, 1003296, 3),
(1044, 99, 355190, 2),
(1044, 118, 183444, 3),
(1044, 189, 396132, 1),
(1045, 66, 172572, 3),
(1045, 160, 94998, 2),
(1046, 27, 458622, 3),
(1046, 38, 235504, 1),
(1046, 137, 287101, 1),
(1046, 155, 776364, 3),
(1046, 158, 95274, 3),
(1046, 191, 605112, 3),
(1047, 36, 223126, 1),
(1047, 63, 156519, 3),
(1047, 109, 1282092, 4),
(1047, 114, 692810, 2),
(1047, 171, 501480, 3),
(1048, 5, 1039365, 5),
(1048, 56, 498951, 3),
(1048, 59, 1146345, 5),
(1048, 89, 665870, 5),
(1048, 106, 189416, 4),
(1048, 121, 340722, 2),
(1049, 77, 363059, 1),
(1049, 144, 913170, 3),
(1049, 178, 798885, 3),
(1050, 65, 245212, 4),
(1050, 107, 582033, 3),
(1050, 112, 1186029, 3),
(1051, 83, 458352, 2),
(1051, 170, 380252, 1),
(1052, 26, 389604, 1),
(1052, 38, 706512, 3),
(1052, 79, 302400, 4),
(1052, 125, 217485, 3),
(1052, 161, 251392, 1),
(1052, 174, 414874, 2),
(1052, 185, 132204, 3),
(1053, 51, 1278845, 5),
(1053, 58, 284874, 1),
(1053, 124, 323668, 1),
(1053, 144, 304390, 1),
(1053, 184, 805647, 3),
(1053, 195, 716376, 3),
(1054, 35, 1301760, 5),
(1055, 110, 310516, 2),
(1055, 138, 95212, 1),
(1055, 146, 87512, 2),
(1056, 103, 786104, 4),
(1056, 138, 95212, 1),
(1056, 154, 423180, 3),
(1056, 175, 517221, 3),
(1056, 178, 798885, 3),
(1057, 5, 207873, 1),
(1057, 36, 223126, 1),
(1057, 82, 158560, 4),
(1057, 101, 863352, 4),
(1057, 141, 1027062, 3),
(1057, 163, 325026, 2),
(1057, 166, 227316, 4),
(1057, 176, 591546, 2),
(1057, 186, 1010064, 4),
(1057, 193, 1145301, 3),
(1058, 6, 106784, 2),
(1058, 12, 1254732, 4),
(1058, 66, 287620, 5),
(1058, 72, 469893, 3),
(1058, 116, 134571, 1),
(1059, 8, 171832, 2),
(1059, 146, 87512, 2),
(1060, 42, 420428, 4),
(1060, 66, 115048, 2),
(1060, 69, 1003296, 3),
(1060, 115, 1155690, 5),
(1060, 119, 624780, 2),
(1061, 66, 287620, 5),
(1061, 96, 599365, 5),
(1061, 107, 582033, 3),
(1061, 147, 402060, 4),
(1062, 28, 534708, 4),
(1062, 72, 469893, 3),
(1062, 81, 109085, 1),
(1062, 103, 393052, 2),
(1062, 115, 231138, 1),
(1063, 17, 758024, 2),
(1063, 25, 914469, 3),
(1063, 31, 136210, 5),
(1063, 103, 393052, 2),
(1064, 16, 742352, 2),
(1064, 76, 543018, 2),
(1064, 81, 545425, 5),
(1064, 186, 252516, 1),
(1064, 193, 381767, 1),
(1065, 22, 1084900, 4),
(1065, 79, 75600, 1),
(1065, 83, 687528, 3),
(1065, 96, 239746, 2),
(1065, 116, 403713, 3),
(1065, 139, 470235, 3),
(1065, 148, 67700, 1),
(1065, 150, 792154, 2),
(1066, 20, 250466, 2),
(1066, 92, 192400, 4),
(1066, 101, 215838, 1),
(1066, 113, 758005, 5),
(1066, 128, 1147630, 5),
(1067, 31, 54484, 2),
(1067, 42, 420428, 4),
(1067, 69, 668864, 2),
(1067, 71, 655632, 3),
(1067, 147, 100515, 1),
(1067, 176, 295773, 1),
(1067, 182, 1411740, 4),
(1068, 40, 434244, 3),
(1068, 129, 486720, 5),
(1068, 188, 242997, 3),
(1069, 9, 1323730, 5),
(1069, 74, 1420265, 5),
(1069, 76, 814527, 3),
(1069, 79, 151200, 2),
(1070, 60, 99583, 1),
(1070, 61, 306161, 1),
(1070, 198, 881164, 4),
(1071, 11, 849813, 3),
(1071, 30, 1151992, 4),
(1071, 82, 118920, 3),
(1071, 166, 170487, 3),
(1072, 19, 229174, 1),
(1072, 76, 1086036, 4),
(1072, 108, 182679, 1),
(1072, 194, 1112776, 4),
(1073, 77, 726118, 2),
(1073, 122, 273148, 4),
(1074, 69, 1672160, 5),
(1074, 106, 47354, 1),
(1074, 126, 1116378, 3),
(1074, 190, 1053726, 3),
(1075, 70, 774384, 4),
(1075, 88, 905796, 4),
(1075, 97, 769200, 2),
(1075, 105, 74017, 1),
(1076, 39, 154825, 1),
(1076, 47, 1046785, 5),
(1076, 59, 458538, 2),
(1076, 61, 1530805, 5),
(1076, 163, 162513, 1),
(1076, 186, 1010064, 4),
(1077, 9, 529492, 2),
(1077, 44, 1364465, 5),
(1077, 67, 746811, 3),
(1077, 99, 710380, 4),
(1078, 30, 1439990, 5),
(1078, 121, 340722, 2),
(1078, 146, 218780, 5),
(1079, 5, 1039365, 5),
(1079, 89, 266348, 2),
(1080, 15, 1118856, 4),
(1080, 30, 863994, 3),
(1080, 114, 1039215, 3),
(1080, 176, 591546, 2),
(1081, 28, 267354, 2),
(1082, 32, 800412, 4),
(1082, 91, 318538, 2),
(1082, 154, 282120, 2),
(1082, 155, 776364, 3),
(1082, 185, 220340, 5),
(1083, 19, 916696, 4),
(1083, 43, 874881, 3),
(1083, 71, 437088, 2),
(1083, 185, 44068, 1),
(1084, 31, 108968, 4),
(1084, 49, 1295252, 4),
(1084, 56, 332634, 2),
(1084, 101, 215838, 1),
(1084, 126, 744252, 2),
(1084, 133, 1342850, 5),
(1085, 15, 1118856, 4),
(1085, 25, 914469, 3),
(1085, 80, 381283, 1),
(1085, 105, 296068, 4),
(1085, 133, 1342850, 5),
(1085, 157, 698712, 4),
(1086, 33, 180190, 1),
(1086, 124, 1618340, 5),
(1086, 133, 805710, 3),
(1086, 162, 220984, 4),
(1086, 180, 474404, 2),
(1087, 62, 388723, 1),
(1087, 70, 387192, 2),
(1087, 140, 1412015, 5),
(1087, 155, 776364, 3),
(1087, 164, 1600095, 5),
(1087, 189, 792264, 2),
(1088, 39, 774125, 5),
(1088, 60, 99583, 1),
(1088, 80, 1906415, 5),
(1088, 103, 786104, 4),
(1088, 117, 266526, 1),
(1088, 118, 183444, 3),
(1088, 151, 414944, 2),
(1089, 76, 1357545, 5),
(1089, 82, 118920, 3),
(1089, 98, 365290, 5),
(1089, 168, 1462856, 4),
(1090, 31, 81726, 3),
(1090, 109, 1282092, 4),
(1091, 118, 61148, 1),
(1092, 21, 108944, 2),
(1092, 24, 352976, 4),
(1092, 31, 54484, 2),
(1092, 57, 422440, 5),
(1092, 119, 1561950, 5),
(1093, 23, 727048, 2),
(1093, 39, 619300, 4),
(1093, 82, 158560, 4),
(1093, 159, 155363, 1),
(1093, 182, 1411740, 4),
(1093, 185, 132204, 3),
(1093, 187, 538752, 2),
(1094, 6, 266960, 5),
(1094, 79, 378000, 5),
(1094, 144, 608780, 2),
(1094, 174, 414874, 2),
(1095, 90, 246318, 2),
(1095, 179, 343074, 2),
(1095, 181, 782685, 3),
(1096, 32, 200103, 1),
(1096, 37, 1000107, 3),
(1096, 81, 436340, 4),
(1097, 166, 56829, 1),
(1098, 7, 182135, 1),
(1098, 9, 1058984, 4),
(1098, 43, 1458135, 5),
(1099, 13, 701402, 2),
(1099, 55, 516960, 3),
(1099, 161, 754176, 3),
(1099, 184, 537098, 2),
(1100, 7, 728540, 4),
(1100, 48, 1059008, 4),
(1100, 75, 56573, 1),
(1100, 106, 236770, 5),
(1100, 143, 631458, 2),
(1100, 158, 158790, 5),
(1101, 52, 1427836, 4),
(1101, 105, 222051, 3),
(1101, 165, 787140, 2),
(1102, 114, 1732025, 5),
(1102, 197, 371009, 1),
(1103, 10, 710920, 2),
(1103, 50, 1195210, 5),
(1103, 102, 1385660, 5),
(1104, 14, 313680, 2),
(1104, 75, 226292, 4),
(1104, 110, 776290, 5),
(1104, 113, 454803, 3),
(1104, 145, 1401412, 4),
(1105, 12, 1254732, 4),
(1105, 19, 916696, 4),
(1105, 101, 863352, 4),
(1105, 128, 229526, 1),
(1105, 134, 221631, 3),
(1105, 156, 524331, 3),
(1105, 175, 517221, 3),
(1106, 12, 941049, 3),
(1106, 55, 861600, 5),
(1106, 135, 925056, 4),
(1106, 194, 834582, 3),
(1107, 91, 637076, 4),
(1107, 161, 754176, 3),
(1108, 135, 462528, 2),
(1109, 41, 1395180, 4),
(1109, 101, 215838, 1),
(1110, 24, 176488, 2),
(1110, 98, 292232, 4),
(1110, 120, 606992, 2),
(1110, 160, 237495, 5),
(1110, 180, 948808, 4),
(1110, 181, 260895, 1),
(1111, 5, 623619, 3),
(1111, 70, 967980, 5),
(1111, 94, 1119116, 4),
(1111, 123, 208335, 5),
(1111, 136, 197568, 4),
(1111, 155, 1293940, 5),
(1111, 177, 141058, 1),
(1111, 183, 543536, 2),
(1112, 28, 534708, 4),
(1112, 136, 246960, 5),
(1112, 149, 977070, 3),
(1112, 151, 207472, 1),
(1113, 11, 283271, 1),
(1113, 55, 689280, 4),
(1113, 190, 702484, 2),
(1114, 48, 1059008, 4),
(1114, 95, 84712, 2),
(1114, 108, 365358, 2),
(1114, 130, 227977, 1),
(1114, 135, 693792, 3),
(1114, 163, 650052, 4),
(1114, 168, 1462856, 4),
(1114, 193, 1145301, 3),
(1115, 15, 559428, 2),
(1115, 90, 492636, 4),
(1116, 37, 1000107, 3),
(1116, 42, 420428, 4),
(1116, 70, 580788, 3),
(1116, 193, 1145301, 3),
(1117, 18, 72347, 1),
(1117, 65, 61303, 1),
(1117, 82, 198200, 5),
(1117, 151, 829888, 4),
(1117, 170, 380252, 1),
(1117, 174, 1037185, 5),
(1117, 195, 716376, 3),
(1117, 196, 722301, 3),
(1117, 198, 881164, 4),
(1118, 68, 1400650, 5),
(1118, 97, 1923000, 5),
(1118, 124, 647336, 2),
(1118, 151, 829888, 4),
(1118, 177, 705290, 5),
(1119, 51, 1278845, 5),
(1119, 61, 1224644, 4),
(1119, 75, 226292, 4),
(1119, 143, 947187, 3),
(1120, 121, 851805, 5),
(1120, 150, 792154, 2),
(1121, 5, 1039365, 5),
(1121, 49, 647626, 2),
(1121, 83, 458352, 2),
(1121, 179, 514611, 3),
(1121, 185, 132204, 3),
(1121, 196, 963068, 4),
(1122, 24, 176488, 2),
(1122, 32, 1000515, 5),
(1122, 73, 300522, 2),
(1122, 146, 175024, 4),
(1122, 200, 253826, 1),
(1123, 13, 1753505, 5),
(1123, 17, 379012, 1),
(1123, 180, 948808, 4),
(1123, 183, 271768, 1),
(1124, 183, 1087072, 4),
(1124, 194, 278194, 1),
(1125, 25, 609646, 2),
(1125, 37, 1666845, 5),
(1125, 181, 1043580, 4),
(1126, 13, 701402, 2),
(1126, 43, 583254, 2),
(1126, 59, 687807, 3),
(1126, 103, 393052, 2),
(1126, 146, 218780, 5),
(1126, 150, 396077, 1),
(1126, 184, 1342745, 5),
(1127, 52, 1784795, 5),
(1127, 87, 560016, 3),
(1128, 122, 273148, 4),
(1128, 150, 792154, 2),
(1128, 176, 1183092, 4),
(1129, 77, 363059, 1),
(1129, 81, 218170, 2),
(1129, 123, 125001, 3),
(1129, 167, 726020, 4),
(1130, 23, 1090572, 3),
(1130, 95, 42356, 1),
(1130, 125, 289980, 4),
(1130, 129, 292032, 3),
(1130, 146, 175024, 4),
(1130, 159, 310726, 2),
(1130, 165, 1967850, 5),
(1131, 31, 136210, 5),
(1131, 84, 659970, 5),
(1131, 132, 142863, 1),
(1131, 168, 1462856, 4),
(1132, 5, 1039365, 5),
(1132, 26, 1558416, 4),
(1132, 27, 305748, 2),
(1132, 29, 734232, 4),
(1132, 118, 305740, 5),
(1132, 121, 340722, 2),
(1132, 150, 396077, 1),
(1133, 43, 874881, 3),
(1133, 80, 1525132, 4),
(1133, 86, 293062, 1),
(1133, 103, 786104, 4),
(1133, 145, 1401412, 4),
(1133, 176, 887319, 3),
(1134, 2, 1087220, 5),
(1134, 68, 1400650, 5),
(1134, 153, 134181, 3),
(1134, 156, 524331, 3),
(1134, 188, 161998, 2),
(1135, 26, 779208, 2),
(1135, 27, 764370, 5),
(1135, 138, 190424, 2),
(1135, 151, 1037360, 5),
(1135, 165, 1574280, 4),
(1135, 181, 521790, 2),
(1135, 188, 161998, 2),
(1136, 40, 289496, 2),
(1136, 71, 655632, 3),
(1136, 102, 1108528, 4),
(1136, 107, 194011, 1),
(1136, 192, 453312, 2),
(1137, 26, 779208, 2),
(1137, 81, 436340, 4),
(1137, 82, 79280, 2),
(1137, 107, 582033, 3),
(1137, 124, 1294672, 4),
(1137, 128, 459052, 2),
(1137, 160, 237495, 5),
(1138, 25, 1219292, 4),
(1138, 57, 168976, 2),
(1138, 80, 1525132, 4),
(1138, 140, 564806, 2),
(1139, 143, 1262916, 4),
(1139, 181, 1304475, 5),
(1140, 27, 611496, 4),
(1140, 37, 333369, 1),
(1140, 54, 371808, 4),
(1140, 113, 606404, 4),
(1140, 123, 208335, 5),
(1140, 130, 455954, 2),
(1140, 189, 1188396, 3),
(1141, 25, 1524115, 5),
(1141, 60, 199166, 2),
(1141, 90, 246318, 2),
(1141, 109, 961569, 3),
(1141, 111, 294260, 2),
(1141, 119, 312390, 1),
(1141, 181, 1304475, 5),
(1141, 199, 644094, 3),
(1142, 8, 429580, 5),
(1142, 119, 937170, 3),
(1142, 125, 144990, 2),
(1143, 41, 348795, 1),
(1144, 8, 257748, 3),
(1144, 12, 1254732, 4),
(1144, 22, 1356125, 5),
(1144, 168, 365714, 1),
(1144, 174, 829748, 4),
(1145, 50, 478084, 2),
(1145, 73, 601044, 4),
(1146, 1, 713628, 3),
(1146, 4, 157508, 4),
(1146, 119, 937170, 3),
(1146, 163, 325026, 2),
(1146, 179, 686148, 4),
(1147, 4, 39377, 1),
(1147, 5, 415746, 2),
(1147, 11, 1133084, 4),
(1147, 53, 383108, 1),
(1147, 82, 79280, 2),
(1147, 115, 693414, 3),
(1147, 133, 537140, 2),
(1147, 137, 574202, 2),
(1147, 145, 350353, 1),
(1148, 4, 39377, 1),
(1148, 22, 813675, 3),
(1148, 25, 1524115, 5),
(1148, 56, 332634, 2),
(1148, 79, 226800, 3),
(1148, 84, 395982, 3),
(1148, 152, 126897, 3),
(1148, 166, 170487, 3),
(1149, 84, 395982, 3),
(1150, 47, 1046785, 5),
(1151, 3, 616158, 2),
(1151, 175, 689628, 4),
(1152, 133, 537140, 2),
(1152, 134, 369385, 5),
(1152, 152, 42299, 1),
(1153, 8, 257748, 3),
(1153, 18, 144694, 2),
(1153, 20, 125233, 1),
(1153, 36, 446252, 2),
(1153, 64, 1528445, 5),
(1153, 87, 746688, 4),
(1153, 135, 925056, 4),
(1153, 149, 651380, 2),
(1153, 155, 1293940, 5),
(1154, 33, 360380, 2),
(1154, 95, 169424, 4),
(1154, 109, 1282092, 4),
(1155, 1, 1189380, 5),
(1155, 2, 217444, 1),
(1155, 21, 54472, 1),
(1155, 145, 700706, 2),
(1155, 156, 873885, 5),
(1156, 31, 81726, 3),
(1156, 155, 1035152, 4),
(1157, 11, 566542, 2),
(1157, 12, 313683, 1),
(1157, 30, 287998, 1),
(1157, 70, 967980, 5),
(1157, 95, 169424, 4),
(1157, 152, 42299, 1),
(1157, 190, 1053726, 3),
(1158, 4, 39377, 1),
(1159, 2, 652332, 3),
(1159, 34, 367095, 5),
(1159, 133, 805710, 3),
(1159, 142, 230475, 5),
(1159, 180, 711606, 3),
(1160, 79, 302400, 4),
(1160, 196, 963068, 4),
(1161, 65, 306515, 5),
(1161, 69, 1337728, 4),
(1161, 96, 119873, 1),
(1161, 109, 1282092, 4),
(1162, 4, 78754, 2),
(1162, 46, 595917, 3),
(1162, 188, 242997, 3),
(1163, 78, 289575, 5),
(1163, 104, 125968, 2),
(1163, 156, 873885, 5),
(1163, 183, 815304, 3),
(1164, 113, 758005, 5),
(1164, 149, 1302760, 4),
(1164, 166, 227316, 4),
(1165, 9, 529492, 2),
(1165, 98, 73058, 1),
(1165, 100, 962589, 3),
(1165, 158, 31758, 1),
(1165, 190, 1404968, 4),
(1166, 24, 176488, 2),
(1166, 35, 260352, 1),
(1166, 126, 1116378, 3),
(1166, 153, 223635, 5),
(1166, 184, 805647, 3),
(1167, 4, 196885, 5),
(1167, 37, 666738, 2),
(1167, 50, 478084, 2),
(1167, 146, 218780, 5),
(1167, 178, 1331475, 5),
(1167, 187, 808128, 3),
(1168, 4, 118131, 3),
(1168, 16, 1855880, 5),
(1168, 104, 251936, 4),
(1168, 189, 792264, 2),
(1169, 53, 1532432, 4),
(1169, 58, 569748, 2),
(1169, 191, 201704, 1),
(1170, 16, 1855880, 5),
(1170, 25, 609646, 2),
(1170, 72, 783155, 5),
(1170, 74, 1136212, 4),
(1170, 99, 887975, 5),
(1170, 120, 606992, 2),
(1171, 25, 304823, 1),
(1171, 41, 1395180, 4),
(1171, 111, 588520, 4),
(1171, 114, 1732025, 5),
(1171, 128, 1147630, 5),
(1172, 14, 156840, 1),
(1172, 38, 471008, 2),
(1172, 61, 918483, 3),
(1172, 134, 295508, 4),
(1172, 189, 792264, 2),
(1173, 94, 839337, 3),
(1173, 122, 68287, 1),
(1173, 138, 285636, 3),
(1173, 182, 1058805, 3),
(1173, 187, 538752, 2),
(1173, 189, 396132, 1),
(1174, 99, 177595, 1),
(1174, 119, 312390, 1),
(1174, 130, 911908, 4),
(1174, 134, 147754, 2),
(1174, 151, 207472, 1),
(1174, 167, 363010, 2),
(1175, 116, 134571, 1),
(1175, 158, 95274, 3),
(1176, 171, 334320, 2),
(1177, 64, 611378, 2),
(1177, 150, 1980385, 5),
(1178, 83, 1145880, 5),
(1178, 108, 548037, 3),
(1178, 139, 313490, 2),
(1179, 22, 271225, 1),
(1179, 50, 717126, 3),
(1179, 126, 1116378, 3),
(1179, 179, 343074, 2),
(1180, 73, 150261, 1),
(1180, 87, 746688, 4),
(1180, 97, 769200, 2),
(1180, 108, 548037, 3),
(1180, 153, 223635, 5),
(1180, 161, 754176, 3),
(1181, 17, 1137036, 3),
(1181, 54, 278856, 3),
(1181, 60, 398332, 4),
(1182, 70, 580788, 3),
(1182, 107, 582033, 3),
(1182, 147, 100515, 1),
(1182, 152, 42299, 1),
(1182, 171, 167160, 1),
(1182, 192, 226656, 1),
(1183, 40, 578992, 4),
(1183, 48, 1323760, 5),
(1183, 105, 222051, 3),
(1183, 165, 1574280, 4),
(1183, 180, 711606, 3),
(1183, 192, 906624, 4),
(1183, 199, 644094, 3),
(1183, 200, 761478, 3),
(1184, 10, 1777300, 5),
(1184, 36, 1115630, 5),
(1184, 162, 276230, 5),
(1185, 41, 697590, 2),
(1185, 162, 165738, 3),
(1185, 191, 605112, 3),
(1186, 32, 200103, 1),
(1186, 43, 874881, 3),
(1186, 48, 1323760, 5),
(1186, 56, 665268, 4),
(1186, 98, 73058, 1),
(1187, 37, 1666845, 5),
(1187, 60, 99583, 1),
(1187, 105, 370085, 5),
(1187, 116, 672855, 5),
(1187, 186, 1262580, 5),
(1188, 35, 1041408, 4),
(1188, 63, 208692, 4),
(1188, 104, 62984, 1),
(1188, 113, 454803, 3),
(1188, 152, 84598, 2),
(1188, 185, 44068, 1),
(1189, 190, 1053726, 3),
(1189, 192, 453312, 2),
(1190, 107, 388022, 2),
(1190, 138, 380848, 4),
(1190, 163, 162513, 1),
(1191, 22, 1084900, 4),
(1191, 49, 1295252, 4),
(1192, 42, 210214, 2),
(1192, 79, 378000, 5),
(1192, 84, 659970, 5),
(1192, 93, 102316, 2),
(1192, 144, 608780, 2),
(1192, 178, 1065180, 4),
(1193, 3, 308079, 1),
(1193, 14, 313680, 2),
(1193, 63, 260865, 5),
(1194, 64, 305689, 1),
(1194, 76, 543018, 2),
(1194, 89, 266348, 2),
(1194, 147, 100515, 1),
(1194, 183, 543536, 2),
(1195, 26, 779208, 2),
(1195, 59, 1146345, 5),
(1195, 103, 982630, 5),
(1195, 117, 533052, 2),
(1195, 127, 318638, 2),
(1195, 153, 89454, 2),
(1195, 157, 698712, 4),
(1195, 181, 260895, 1),
(1196, 51, 767307, 3),
(1196, 133, 805710, 3),
(1196, 171, 668640, 4),
(1197, 6, 160176, 3),
(1197, 37, 1666845, 5),
(1197, 188, 161998, 2),
(1198, 15, 1398570, 5),
(1198, 22, 1084900, 4),
(1198, 70, 387192, 2),
(1198, 120, 910488, 3),
(1198, 125, 144990, 2),
(1199, 2, 869776, 4),
(1199, 30, 1439990, 5),
(1199, 60, 398332, 4),
(1199, 62, 388723, 1),
(1200, 132, 142863, 1),
(1200, 140, 847209, 3);

-- --------------------------------------------------------

--
-- Table structure for table `employee`
--

CREATE TABLE `employee` (
  `employee_id` int(11) NOT NULL,
  `employee_name` varchar(100) NOT NULL,
  `employee_phone` varchar(20) NOT NULL,
  `employee_address` varchar(100) NOT NULL,
  `role_id` int(11) NOT NULL
) ENGINE=InnoDB DEFAULT CHARSET=utf8mb4;

--
-- Dumping data for table `employee`
--

INSERT INTO `employee` (`employee_id`, `employee_name`, `employee_phone`, `employee_address`, `role_id`) VALUES
(1, 'Kieran Jacobson', '1-164-795-044', '493-6705 Aptent Av.', 1),
(2, 'Kiran', '(904) 282-7646', 'Ap #275-2617 Imperdiet, St.', 3),
(3, 'Bruno Sweeney', '(819) 367-4580', '487-3278 Et, Ave', 4),
(5, 'Justin Cox', '(134) 563-6198', '350-744 Pharetra Ave', 3),
(7, 'Budi', '+(62) 81123456', 'Jl. Mawar 10', 1),
(8, 'Eko', '+(62) 81123455', 'Jl. Bunga 10', 2),
(9, 'Adit', '+(62) 811245232', 'Jl. Apa 123', 2),
(10, 'Edi', '+(62) 8112452355', 'Jl. Edi 123', 2),
(11, 'Kacie Satterfield', '+1 (219) 661-9202', '8301 Simonis Fork\nKshlerinmouth, NJ 89451-8659', 1),
(12, 'Franz Fritsch', '+1.903.913.5572', '62551 Legros Highway\nAlexandrineport, AL 69033-6425', 3),
(13, 'Jadon Mayert', '+1-770-965-2063', '582 Cormier Plains Apt. 316\nRyanstad, UT 59562', 3),
(14, 'Art Volkman', '(541) 726-9507', '8845 Hodkiewicz Ports\nLeuschketon, NE 49497', 3),
(15, 'Guido Johnson', '+1 (562) 654-0887', '900 Doyle Junction\nSouth Maeve, AL 35992-2811', 1),
(16, 'Korey Kemmer', '+1.469.452.2952', '8847 O\'Conner Path\nNew Roger, WY 19799-1756', 3),
(17, 'Jesus Denesik', '1-618-892-4530', '15972 Lesley Plains\nNew Guillermo, GA 60618-6339', 1),
(18, 'Rowena Parker', '+1-859-772-0566', '130 Aurore Course\nArianechester, ND 38550', 4),
(19, 'Susie Hauck', '1-757-698-1738', '623 Dorian Mount\nNew Marleneside, ND 72206-2019', 1),
(20, 'Shane Feest', '314-373-2390', '704 Graham Pine\nGuidoborough, WI 51909', 2),
(21, 'Annetta Feil', '781-990-0610', '3799 Judson Villages\nEast Bereniceshire, AR 50461-9627', 1),
(22, 'Yasmeen Bailey', '+1.763.468.5351', '601 Kamille Well Suite 529\nCummingsland, WY 85404', 2),
(23, 'Sunny Borer', '+18592405374', '502 Crawford Meadow\nLake Kaitlin, LA 74143-5348', 4),
(24, 'Michel Effertz', '+1-440-453-5907', '6844 Cale Village\nSouth Cleoraview, MA 29005-0316', 3),
(25, 'Irving Tromp', '+1-316-541-9524', '8560 Aufderhar Haven Suite 301\nMakaylaton, VA 30090', 4),
(26, 'Grant Schuppe', '+1 (720) 767-8657', '8800 Von Skyway\nKeelyborough, DE 85676', 2),
(27, 'Domingo Schuster', '612-653-7681', '62030 Kellen Summit Suite 011\nGoldenshire, KY 55816', 2),
(28, 'Dejon Turcotte', '831-965-6032', '64491 Johnny Wells Apt. 320\nRubenborough, OK 10523', 3),
(29, 'Javon Simonis', '1-216-956-4123', '58582 Borer Road Suite 718\nHartmannport, NM 17161', 1),
(30, 'Darrick Will', '1-937-755-3513', '619 Purdy Plaza Apt. 524\nLake Yvonne, AL 36450', 2),
(31, 'Arely Thompson', '1-848-459-2541', '4463 Price Fields Suite 808\nWalkerstad, MO 45600-0155', 4),
(32, 'Andreane Jones', '1-425-732-4843', '41297 Kane Junction Suite 677\nGoldnerfort, SC 70602', 4),
(33, 'Hulda Leannon', '1-820-839-8619', '5659 Rolfson Islands Suite 879\nMertzberg, MT 29633-1292', 1),
(34, 'Scottie Breitenberg', '+1-515-657-1902', '42323 Earl Isle\nNew Alaina, RI 33573-2583', 2),
(35, 'Forest Kihn', '276.503.5931', '72739 Huel View Apt. 710\nWest Horaciomouth, VA 23611-9663', 1),
(36, 'Unique Schneider', '(272) 478-2328', '38211 Francesca Road Apt. 506\nOlsonview, MT 49891', 1),
(37, 'Filomena Lesch', '(559) 330-9512', '8713 Ward Mountains Suite 610\nStracketon, IA 13075', 2),
(38, 'Crystel Farrell', '405-397-4469', '6636 Leannon Fields Apt. 855\nBernhardville, NY 27484-9842', 4),
(39, 'Delphine Hettinger', '(681) 888-6690', '9195 Carley Trace Suite 519\nEast Pasquale, NJ 51077-6389', 4),
(40, 'Ashlee Tremblay', '820-659-6937', '965 Connie Bypass\nKingmouth, RI 73525', 2),
(41, 'Ashlee Bernhard', '+1-667-264-2016', '2424 Ralph Glens Suite 530\nDewittstad, NC 31546', 4),
(42, 'Shakira Hartmann', '678-420-2295', '6470 Zboncak Trace Apt. 198\nJarenport, IN 18980', 3),
(43, 'Manuela Hegmann', '+1-478-853-4745', '4242 Hoeger Plain Suite 943\nNew Rolandoshire, NH 06307', 1),
(44, 'Broderick Crooks', '240-746-8792', '26682 Hegmann Terrace\nToyborough, IL 20596', 4),
(45, 'Mervin Will', '+1-952-912-6923', '71557 Malcolm Creek Suite 625\nSelinatown, OK 07939', 4),
(46, 'Arvid Frami', '573.962.6066', '7106 Oceane Summit\nLake Judefort, OK 49486', 1),
(47, 'Burdette Conn', '+1-480-903-3786', '56602 Blanche Forges\nBlickside, SD 00900-9757', 4),
(48, 'Dustin Ondricka', '+16786315500', '84865 Jonathon Isle Apt. 724\nFramiborough, VA 72291', 2),
(49, 'Dillan Ratke', '1-217-512-8583', '188 Consuelo Land Apt. 840\nSiennastad, VT 59602-5428', 1),
(50, 'Tyreek Reichert', '432.305.0685', '58268 Schmidt Ville\nKreigerhaven, IN 31018-9260', 2);

-- --------------------------------------------------------

--
-- Table structure for table `products`
--

CREATE TABLE `products` (
  `product_id` int(11) NOT NULL,
  `product_desc` varchar(255) DEFAULT NULL,
  `product_price` int(11) NOT NULL,
  `product_stock` int(11) DEFAULT NULL,
  `category_id` int(11) DEFAULT NULL,
  `type_id` int(11) NOT NULL
) ENGINE=InnoDB DEFAULT CHARSET=utf8mb4;

--
-- Dumping data for table `products`
--

INSERT INTO `products` (`product_id`, `product_desc`, `product_price`, `product_stock`, `category_id`, `type_id`) VALUES
(1, 'vitae', 237876, 13, 5, 1),
(2, 'tempora', 217444, 6, 1, 2),
(3, 'voluptatem', 308079, 21, 9, 1),
(4, 'veniam', 39377, 13, 9, 2),
(5, 'recusandae', 207873, 6, 6, 1),
(6, 'quia', 53392, 18, 10, 2),
(7, 'error', 182135, 29, 8, 2),
(8, 'numquam', 85916, 15, 2, 1),
(9, 'consequatur', 264746, 16, 4, 2),
(10, 'enim', 355460, 30, 2, 2),
(11, 'laborum', 283271, 7, 8, 1),
(12, 'nesciunt', 313683, 18, 2, 1),
(13, 'corrupti', 350701, 22, 9, 1),
(14, 'quaerat', 156840, 18, 3, 1),
(15, 'itaque', 279714, 25, 5, 1),
(16, 'et', 371176, 17, 5, 2),
(17, 'eaque', 379012, 28, 9, 2),
(18, 'ullam', 72347, 18, 9, 2),
(19, 'qui', 229174, 22, 9, 1),
(20, 'occaecati', 125233, 25, 3, 2),
(21, 'aut', 54472, 28, 8, 1),
(22, 'voluptas', 271225, 12, 8, 1),
(23, 'asperiores', 363524, 27, 7, 1),
(24, 'et', 88244, 16, 7, 1),
(25, 'aliquid', 304823, 27, 6, 2),
(26, 'neque', 389604, 25, 6, 1),
(27, 'sed', 152874, 19, 4, 1),
(28, 'ut', 133677, 29, 6, 1),
(29, 'voluptas', 183558, 9, 10, 1),
(30, 'tempore', 287998, 26, 5, 1),
(31, 'id', 27242, 19, 4, 2),
(32, 'cum', 200103, 18, 6, 1),
(33, 'est', 180190, 23, 7, 1),
(34, 'et', 73419, 8, 10, 1),
(35, 'sunt', 260352, 19, 7, 2),
(36, 'labore', 223126, 7, 5, 2),
(37, 'dolores', 333369, 26, 1, 2),
(38, 'nesciunt', 235504, 16, 10, 1),
(39, 'placeat', 154825, 26, 2, 1),
(40, 'laborum', 144748, 16, 3, 2),
(41, 'est', 348795, 27, 2, 2),
(42, 'esse', 105107, 18, 4, 2),
(43, 'recusandae', 291627, 15, 10, 1),
(44, 'alias', 272893, 9, 1, 2),
(45, 'ab', 78591, 8, 6, 2),
(46, 'doloribus', 198639, 16, 8, 1),
(47, 'distinctio', 209357, 22, 1, 1),
(48, 'repudiandae', 264752, 13, 5, 1),
(49, 'consequatur', 323813, 12, 8, 1),
(50, 'nobis', 239042, 8, 3, 1),
(51, 'error', 255769, 30, 4, 1),
(52, 'aperiam', 356959, 17, 5, 1),
(53, 'veniam', 383108, 24, 10, 1),
(54, 'inventore', 92952, 26, 5, 1),
(55, 'quidem', 172320, 13, 1, 2),
(56, 'sunt', 166317, 15, 3, 2),
(57, 'eligendi', 84488, 13, 6, 1),
(58, 'dolorem', 284874, 24, 2, 2),
(59, 'iste', 229269, 28, 7, 2),
(60, 'minus', 99583, 6, 6, 2),
(61, 'molestias', 306161, 11, 6, 1),
(62, 'veniam', 388723, 17, 4, 1),
(63, 'nemo', 52173, 16, 10, 2),
(64, 'sunt', 305689, 24, 8, 2),
(65, 'ducimus', 61303, 15, 5, 2),
(66, 'laboriosam', 57524, 7, 9, 2),
(67, 'laborum', 248937, 24, 9, 1),
(68, 'illo', 280130, 7, 1, 2),
(69, 'et', 334432, 20, 4, 2),
(70, 'quam', 193596, 27, 4, 2),
(71, 'ab', 218544, 30, 4, 1),
(72, 'earum', 156631, 9, 1, 1),
(73, 'inventore', 150261, 25, 9, 2),
(74, 'esse', 284053, 18, 8, 1),
(75, 'beatae', 56573, 15, 10, 1),
(76, 'eos', 271509, 25, 5, 2),
(77, 'voluptatem', 363059, 28, 3, 1),
(78, 'nisi', 57915, 20, 7, 2),
(79, 'non', 75600, 17, 1, 1),
(80, 'qui', 381283, 24, 1, 2),
(81, 'modi', 109085, 18, 4, 2),
(82, 'quidem', 39640, 23, 1, 2),
(83, 'at', 229176, 19, 7, 1),
(84, 'ratione', 131994, 24, 4, 1),
(85, 'ea', 151250, 11, 10, 1),
(86, 'officia', 293062, 29, 7, 1),
(87, 'veniam', 186672, 21, 2, 2),
(88, 'est', 226449, 8, 1, 2),
(89, 'et', 133174, 26, 3, 1),
(90, 'non', 123159, 7, 2, 2),
(91, 'est', 159269, 8, 10, 1),
(92, 'vitae', 48100, 27, 8, 2),
(93, 'quaerat', 51158, 30, 1, 2),
(94, 'perspiciatis', 279779, 21, 4, 1),
(95, 'a', 42356, 23, 3, 1),
(96, 'dolores', 119873, 5, 10, 2),
(97, 'qui', 384600, 28, 5, 2),
(98, 'sed', 73058, 18, 2, 1),
(99, 'molestiae', 177595, 8, 5, 1),
(100, 'sint', 320863, 22, 6, 2),
(101, 'accusantium', 215838, 9, 5, 2),
(102, 'non', 277132, 5, 3, 2),
(103, 'necessitatibus', 196526, 10, 6, 2),
(104, 'vero', 62984, 11, 8, 1),
(105, 'quasi', 74017, 20, 9, 1),
(106, 'blanditiis', 47354, 22, 1, 2),
(107, 'qui', 194011, 5, 6, 2),
(108, 'quo', 182679, 29, 9, 1),
(109, 'sit', 320523, 24, 8, 2),
(110, 'aspernatur', 155258, 17, 1, 2),
(111, 'quas', 147130, 27, 9, 1),
(112, 'repudiandae', 395343, 9, 2, 2),
(113, 'sit', 151601, 20, 3, 2),
(114, 'dicta', 346405, 20, 8, 2),
(115, 'nam', 231138, 23, 10, 1),
(116, 'et', 134571, 19, 3, 2),
(117, 'et', 266526, 21, 1, 1),
(118, 'et', 61148, 9, 3, 1),
(119, 'laboriosam', 312390, 28, 3, 1),
(120, 'temporibus', 303496, 7, 2, 1),
(121, 'corporis', 170361, 6, 5, 1),
(122, 'quo', 68287, 9, 7, 2),
(123, 'cupiditate', 41667, 5, 9, 1),
(124, 'rerum', 323668, 29, 5, 1),
(125, 'beatae', 72495, 22, 4, 2),
(126, 'sint', 372126, 9, 10, 2),
(127, 'neque', 159319, 20, 9, 2),
(128, 'cumque', 229526, 26, 3, 1),
(129, 'mollitia', 97344, 22, 9, 2),
(130, 'eligendi', 227977, 7, 4, 1),
(131, 'quia', 69059, 21, 3, 1),
(132, 'officiis', 142863, 23, 6, 1),
(133, 'quos', 268570, 15, 10, 1),
(134, 'sed', 73877, 8, 6, 1),
(135, 'aut', 231264, 14, 9, 1),
(136, 'iste', 49392, 20, 10, 1),
(137, 'minus', 287101, 9, 9, 1),
(138, 'aut', 95212, 29, 7, 2),
(139, 'aut', 156745, 29, 7, 1),
(140, 'culpa', 282403, 14, 3, 1),
(141, 'consequatur', 342354, 22, 8, 2),
(142, 'esse', 46095, 7, 7, 1),
(143, 'totam', 315729, 27, 10, 2),
(144, 'voluptatem', 304390, 14, 6, 2),
(145, 'quam', 350353, 11, 3, 2),
(146, 'ea', 43756, 6, 10, 2),
(147, 'sunt', 100515, 18, 1, 1),
(148, 'voluptatem', 67700, 16, 9, 1),
(149, 'qui', 325690, 22, 4, 2),
(150, 'nostrum', 396077, 30, 7, 1),
(151, 'ipsam', 207472, 16, 10, 1),
(152, 'numquam', 42299, 27, 4, 2),
(153, 'ut', 44727, 15, 6, 2),
(154, 'ea', 141060, 14, 2, 2),
(155, 'minus', 258788, 23, 8, 2),
(156, 'eum', 174777, 22, 1, 1),
(157, 'facilis', 174678, 27, 7, 2),
(158, 'commodi', 31758, 5, 4, 1),
(159, 'in', 155363, 11, 7, 2),
(160, 'consequatur', 47499, 16, 8, 2),
(161, 'velit', 251392, 16, 5, 2),
(162, 'dignissimos', 55246, 22, 8, 2),
(163, 'fugit', 162513, 27, 9, 2),
(164, 'et', 320019, 28, 9, 1),
(165, 'ipsam', 393570, 24, 6, 2),
(166, 'pariatur', 56829, 21, 1, 1),
(167, 'est', 181505, 28, 1, 2),
(168, 'voluptatem', 365714, 5, 2, 1),
(169, 'dolor', 365615, 30, 4, 2),
(170, 'ut', 380252, 28, 6, 1),
(171, 'voluptatem', 167160, 30, 8, 2),
(172, 'nam', 53670, 18, 7, 1),
(173, 'quasi', 158801, 23, 1, 2),
(174, 'id', 207437, 30, 7, 1),
(175, 'sunt', 172407, 28, 7, 1),
(176, 'aut', 295773, 8, 10, 2),
(177, 'deserunt', 141058, 21, 1, 1),
(178, 'nulla', 266295, 27, 9, 1),
(179, 'assumenda', 171537, 22, 10, 1),
(180, 'nulla', 237202, 6, 4, 2),
(181, 'repellendus', 260895, 28, 7, 1),
(182, 'omnis', 352935, 20, 1, 1),
(183, 'nesciunt', 271768, 12, 6, 2),
(184, 'itaque', 268549, 5, 4, 2),
(185, 'aut', 44068, 17, 9, 2),
(186, 'ea', 252516, 11, 4, 2),
(187, 'molestiae', 269376, 24, 10, 2),
(188, 'et', 80999, 25, 6, 2),
(189, 'voluptate', 396132, 7, 5, 2),
(190, 'corporis', 351242, 10, 4, 2),
(191, 'repellat', 201704, 9, 6, 1),
(192, 'beatae', 226656, 17, 8, 2),
(193, 'magnam', 381767, 19, 7, 1),
(194, 'et', 278194, 28, 1, 1),
(195, 'laudantium', 238792, 21, 2, 2),
(196, 'fuga', 240767, 20, 1, 2),
(197, 'animi', 371009, 7, 7, 1),
(198, 'quis', 220291, 10, 7, 1),
(199, 'natus', 214698, 27, 6, 1),
(200, 'accusantium', 253826, 23, 10, 2);

-- --------------------------------------------------------

--
-- Table structure for table `purchase`
--

CREATE TABLE `purchase` (
  `purchase_id` int(11) NOT NULL,
  `purchase_date` datetime NOT NULL DEFAULT current_timestamp(),
  `purchase_product_id` int(11) NOT NULL,
  `purchase_qty` int(11) NOT NULL,
  `supplier_id` int(11) NOT NULL,
  `employee_id` int(11) NOT NULL,
  `purchase_price` int(11) NOT NULL
) ENGINE=InnoDB DEFAULT CHARSET=utf8mb4;

-- --------------------------------------------------------

--
-- Table structure for table `role`
--

CREATE TABLE `role` (
  `role_id` int(11) NOT NULL,
  `role_name` varchar(50) NOT NULL
) ENGINE=InnoDB DEFAULT CHARSET=utf8mb4;

--
-- Dumping data for table `role`
--

INSERT INTO `role` (`role_id`, `role_name`) VALUES
(1, 'Cashier'),
(2, 'Owner'),
(3, 'Hairstylist'),
(4, 'Warehouse');

-- --------------------------------------------------------

--
-- Table structure for table `supplier`
--

CREATE TABLE `supplier` (
  `supplier_id` int(11) NOT NULL,
  `supplier_name` varchar(100) NOT NULL
) ENGINE=InnoDB DEFAULT CHARSET=utf8mb4;

--
-- Dumping data for table `supplier`
--

INSERT INTO `supplier` (`supplier_id`, `supplier_name`) VALUES
(1, 'Supplier 1'),
(2, 'Supplier 2'),
(3, 'Supplier 3'),
(4, 'Supplier 4'),
(5, 'PT. Adiguna'),
(6, 'PT.Sentosa');

-- --------------------------------------------------------

--
-- Table structure for table `transactions`
--

CREATE TABLE `transactions` (
  `transaction_id` int(11) NOT NULL,
  `transaction_date` datetime NOT NULL DEFAULT current_timestamp(),
  `id_customer` int(11) NOT NULL
) ENGINE=InnoDB DEFAULT CHARSET=utf8mb4;

--
-- Dumping data for table `transactions`
--

INSERT INTO `transactions` (`transaction_id`, `transaction_date`, `id_customer`) VALUES
(1, '2022-07-05 21:43:01', 38),
(2, '2022-05-06 19:53:56', 39),
(3, '2021-12-26 00:35:49', 63),
(4, '2022-06-19 19:56:12', 66),
(5, '2022-09-08 21:51:02', 30),
(6, '2022-07-07 04:12:01', 17),
(7, '2022-05-30 07:59:35', 60),
(8, '2022-04-12 07:45:31', 62),
(9, '2022-05-23 04:31:04', 11),
(10, '2022-03-15 14:52:41', 16),
(11, '2022-10-08 04:33:04', 95),
(12, '2022-09-01 20:39:06', 71),
(13, '2022-02-27 10:13:57', 41),
(14, '2022-01-15 22:21:39', 50),
(15, '2022-08-22 02:25:49', 58),
(16, '2022-02-01 20:29:28', 20),
(17, '2022-01-22 15:12:10', 33),
(18, '2022-08-05 14:21:44', 15),
(19, '2022-04-19 08:06:03', 86),
(20, '2022-07-28 01:15:05', 58),
(21, '2022-08-24 17:28:11', 59),
(22, '2022-08-11 20:11:31', 77),
(23, '2022-02-24 10:09:56', 29),
(24, '2022-05-11 03:16:35', 24),
(25, '2022-01-31 09:54:32', 6),
(26, '2022-09-11 06:49:45', 14),
(27, '2022-01-12 05:52:42', 38),
(28, '2022-01-22 19:27:52', 94),
(29, '2022-04-02 21:18:14', 10),
(30, '2022-07-24 18:19:11', 85),
(31, '2022-11-09 04:32:25', 25),
(32, '2022-02-21 20:08:53', 20),
(33, '2022-10-27 19:11:05', 10),
(34, '2022-03-16 11:56:05', 23),
(35, '2022-02-13 00:45:36', 85),
(36, '2022-01-16 15:19:34', 36),
(37, '2022-01-06 08:04:33', 62),
(38, '2022-09-25 14:58:06', 41),
(39, '2022-11-11 15:40:49', 32),
(40, '2022-02-25 10:51:54', 6),
(41, '2022-04-11 17:50:02', 21),
(42, '2022-06-25 14:47:34', 92),
(43, '2022-06-24 12:54:30', 35),
(44, '2022-02-20 02:14:39', 18),
(45, '2022-09-20 10:34:01', 41),
(46, '2022-04-01 23:33:09', 17),
(47, '2022-02-23 23:23:44', 16),
(48, '2022-11-11 18:49:28', 92),
(49, '2022-08-07 11:42:40', 86),
(50, '2022-05-06 13:33:26', 11),
(51, '2022-02-07 22:16:36', 83),
(52, '2022-01-19 10:58:23', 34),
(53, '2022-08-06 22:55:14', 45),
(54, '2022-06-30 20:29:19', 87),
(55, '2022-10-30 03:42:43', 53),
(56, '2022-02-14 10:42:02', 39),
(57, '2022-08-20 15:42:24', 5),
(58, '2021-12-18 07:52:08', 9),
(59, '2022-11-14 14:27:19', 30),
(60, '2022-10-17 03:51:46', 89),
(61, '2022-01-27 21:42:09', 63),
(62, '2022-09-26 10:18:32', 74),
(63, '2022-10-04 00:05:35', 21),
(64, '2022-01-14 00:17:09', 80),
(65, '2022-09-24 11:19:15', 16),
(66, '2022-07-21 23:47:11', 52),
(67, '2022-09-29 07:09:36', 23),
(68, '2022-01-05 00:24:47', 8),
(69, '2022-06-13 07:21:08', 23),
(70, '2022-10-23 20:46:42', 95),
(71, '2021-12-28 13:43:30', 34),
(72, '2022-02-08 16:48:23', 9),
(73, '2022-08-13 21:23:26', 4),
(74, '2022-01-11 02:37:49', 83),
(75, '2022-06-19 15:46:00', 22),
(76, '2022-11-18 05:59:52', 30),
(77, '2022-11-13 00:46:47', 74),
(78, '2022-11-14 06:34:36', 72),
(79, '2022-07-09 07:45:08', 7),
(80, '2022-02-28 14:13:21', 36),
(81, '2022-07-17 10:58:13', 4),
(82, '2022-09-16 08:28:20', 31),
(83, '2022-06-19 22:15:26', 33),
(84, '2022-07-01 18:01:34', 80),
(85, '2022-12-13 18:07:53', 56),
(86, '2022-04-23 11:24:44', 7),
(87, '2022-05-25 19:57:31', 71),
(88, '2022-02-22 12:50:41', 34),
(89, '2022-09-05 20:29:24', 16),
(90, '2021-12-31 17:37:09', 36),
(91, '2022-03-22 22:12:40', 43),
(92, '2021-12-25 21:01:21', 71),
(93, '2022-09-12 16:30:28', 78),
(94, '2022-09-21 07:32:47', 19),
(95, '2022-08-14 22:12:25', 26),
(96, '2022-05-17 14:36:54', 89),
(97, '2022-07-04 00:13:36', 34),
(98, '2022-03-29 19:38:43', 28),
(99, '2022-06-09 08:09:44', 73),
(100, '2022-06-29 05:57:46', 30),
(101, '2022-11-22 12:09:38', 17),
(102, '2022-09-07 20:10:57', 94),
(103, '2022-10-21 23:45:51', 95),
(104, '2022-09-24 00:51:51', 64),
(105, '2022-02-19 07:13:47', 25),
(106, '2022-12-14 01:07:59', 55),
(107, '2022-11-16 07:15:40', 5),
(108, '2022-12-07 07:47:52', 2),
(109, '2022-01-31 06:26:32', 78),
(110, '2022-08-20 16:53:12', 93),
(111, '2022-02-03 06:34:31', 14),
(112, '2022-04-16 19:42:49', 76),
(113, '2022-04-29 17:53:24', 88),
(114, '2022-06-01 19:37:02', 49),
(115, '2022-03-29 00:04:26', 88),
(116, '2022-01-29 15:11:14', 82),
(117, '2022-05-03 21:38:23', 32),
(118, '2022-11-22 18:10:19', 50),
(119, '2022-08-01 10:08:54', 57),
(120, '2022-07-24 21:12:59', 83),
(121, '2022-11-07 09:49:46', 47),
(122, '2022-07-31 14:09:40', 49),
(123, '2022-10-08 10:23:22', 79),
(124, '2022-05-29 02:08:31', 37),
(125, '2022-12-01 04:33:08', 59),
(126, '2022-08-02 03:40:53', 50),
(127, '2022-06-05 05:04:53', 69),
(128, '2022-02-16 08:20:21', 66),
(129, '2021-12-22 10:05:32', 90),
(130, '2022-07-04 16:54:17', 36),
(131, '2021-12-27 10:32:08', 25),
(132, '2022-06-02 22:09:30', 94),
(133, '2022-07-07 01:59:01', 32),
(134, '2022-12-11 23:04:31', 74),
(135, '2022-09-13 04:12:44', 65),
(136, '2022-03-12 16:36:40', 42),
(137, '2022-02-11 19:08:47', 84),
(138, '2022-09-22 10:15:21', 45),
(139, '2022-05-02 05:48:03', 36),
(140, '2022-03-16 17:58:38', 24),
(141, '2022-02-22 20:06:41', 91),
(142, '2022-03-25 06:38:19', 83),
(143, '2022-11-16 16:10:46', 18),
(144, '2022-03-05 13:19:54', 72),
(145, '2022-12-06 07:00:54', 59),
(146, '2022-07-28 08:23:09', 85),
(147, '2022-10-10 12:30:32', 61),
(148, '2022-10-30 21:33:04', 38),
(149, '2022-07-15 10:44:39', 52),
(150, '2022-09-19 11:43:13', 6),
(151, '2022-10-29 12:03:45', 51),
(152, '2022-11-05 06:17:49', 74),
(153, '2022-02-20 03:38:09', 89),
(154, '2022-03-10 15:44:39', 11),
(155, '2022-12-01 20:10:20', 58),
(156, '2022-10-24 14:23:49', 88),
(157, '2022-08-27 11:22:47', 37),
(158, '2022-12-12 06:35:29', 85),
(159, '2022-10-27 15:35:58', 76),
(160, '2022-05-27 02:32:41', 34),
(161, '2022-07-28 10:48:54', 83),
(162, '2022-04-19 11:50:48', 67),
(163, '2022-07-14 01:05:28', 37),
(164, '2022-01-13 02:41:10', 46),
(165, '2022-01-07 20:56:15', 31),
(166, '2022-04-18 00:47:57', 43),
(167, '2022-01-30 03:07:26', 78),
(168, '2022-02-23 07:08:20', 87),
(169, '2022-07-23 17:44:43', 20),
(170, '2022-02-08 19:54:12', 93),
(171, '2022-05-20 06:44:48', 76),
(172, '2022-09-28 03:39:53', 85),
(173, '2022-06-14 23:11:05', 87),
(174, '2022-06-26 06:21:42', 82),
(175, '2022-03-01 22:59:27', 18),
(176, '2022-06-26 23:52:13', 16),
(177, '2022-11-11 10:36:07', 32),
(178, '2021-12-20 20:08:33', 76),
(179, '2022-07-06 06:52:03', 79),
(180, '2022-11-20 02:50:07', 4),
(181, '2022-07-22 06:51:33', 32),
(182, '2022-08-28 23:06:00', 29),
(183, '2022-10-19 14:33:43', 81),
(184, '2022-01-20 12:21:02', 67),
(185, '2022-09-26 07:24:09', 59),
(186, '2022-03-20 15:43:03', 94),
(187, '2022-10-22 00:27:23', 82),
(188, '2022-07-23 13:48:35', 11),
(189, '2021-12-17 18:27:30', 61),
(190, '2022-06-10 13:04:10', 66),
(191, '2022-11-05 03:38:13', 12),
(192, '2022-01-10 15:35:12', 58),
(193, '2022-01-22 16:42:02', 76),
(194, '2022-10-26 10:09:07', 1),
(195, '2022-11-24 16:19:36', 14),
(196, '2022-04-23 12:49:00', 79),
(197, '2021-12-18 08:37:46', 34),
(198, '2022-02-17 22:49:17', 45),
(199, '2022-11-07 15:00:07', 28),
(200, '2022-07-15 16:42:32', 19),
(201, '2022-05-27 02:49:32', 58),
(202, '2022-08-22 03:03:52', 14),
(203, '2022-02-26 13:27:47', 43),
(204, '2022-05-16 06:36:28', 3),
(205, '2022-11-25 01:53:46', 49),
(206, '2022-05-28 07:38:06', 34),
(207, '2022-07-22 07:20:30', 95),
(208, '2022-03-28 04:18:12', 10),
(209, '2022-06-17 09:42:01', 93),
(210, '2022-08-26 23:46:10', 93),
(211, '2022-11-05 15:16:27', 88),
(212, '2022-12-02 10:01:15', 20),
(213, '2022-09-24 04:46:31', 76),
(214, '2022-11-16 18:34:35', 18),
(215, '2022-02-21 07:47:43', 77),
(216, '2022-06-04 04:50:44', 60),
(217, '2022-01-19 13:18:05', 48),
(218, '2022-01-11 00:39:26', 95),
(219, '2022-09-11 01:03:43', 32),
(220, '2022-05-11 07:09:24', 86),
(221, '2022-05-31 03:46:33', 65),
(222, '2022-01-23 07:50:27', 24),
(223, '2022-02-04 10:09:05', 30),
(224, '2022-03-06 22:49:45', 30),
(225, '2022-01-17 13:34:16', 47),
(226, '2022-02-17 14:09:06', 33),
(227, '2022-06-12 06:28:24', 81),
(228, '2022-05-26 15:07:12', 48),
(229, '2022-06-07 19:44:23', 9),
(230, '2022-11-08 02:34:01', 2),
(231, '2022-04-08 19:54:22', 72),
(232, '2022-03-06 14:33:15', 88),
(233, '2022-04-16 18:42:00', 92),
(234, '2022-01-01 14:03:39', 45),
(235, '2022-11-05 19:13:09', 31),
(236, '2022-02-27 16:57:34', 2),
(237, '2022-08-25 23:25:42', 47),
(238, '2021-12-31 17:13:58', 56),
(239, '2021-12-31 04:08:24', 48),
(240, '2022-10-30 18:18:51', 80),
(241, '2022-01-16 00:27:12', 39),
(242, '2022-10-02 06:33:00', 60),
(243, '2022-08-28 04:16:14', 3),
(244, '2022-11-08 03:19:09', 4),
(245, '2022-06-07 04:34:56', 56),
(246, '2022-09-15 17:18:09', 8),
(247, '2022-08-13 02:07:07', 72),
(248, '2022-03-19 05:16:21', 28),
(249, '2022-03-21 07:14:50', 7),
(250, '2022-03-23 07:21:06', 84),
(251, '2022-06-10 08:10:55', 75),
(252, '2022-04-24 11:33:23', 82),
(253, '2022-03-03 22:35:47', 34),
(254, '2022-04-09 04:51:46', 69),
(255, '2022-12-12 13:01:27', 57),
(256, '2022-03-10 23:05:14', 64),
(257, '2022-08-06 10:34:14', 74),
(258, '2022-02-28 04:02:19', 30),
(259, '2022-04-27 03:05:41', 3),
(260, '2021-12-28 18:13:28', 83),
(261, '2021-12-18 07:59:59', 62),
(262, '2022-11-23 18:06:12', 24),
(263, '2022-05-30 11:22:00', 80),
(264, '2021-12-25 22:24:27', 15),
(265, '2022-05-22 10:41:23', 67),
(266, '2022-08-22 00:05:19', 22),
(267, '2021-12-31 05:35:40', 47),
(268, '2022-04-27 06:51:41', 95),
(269, '2022-05-10 21:10:37', 24),
(270, '2022-05-25 21:24:04', 59),
(271, '2022-07-14 11:19:28', 61),
(272, '2022-11-11 14:46:01', 17),
(273, '2022-01-17 01:51:18', 7),
(274, '2022-10-23 07:43:07', 76),
(275, '2022-01-18 07:35:17', 43),
(276, '2022-01-09 22:34:42', 6),
(277, '2022-08-20 07:48:18', 6),
(278, '2022-04-16 12:08:00', 21),
(279, '2022-01-29 18:29:00', 50),
(280, '2022-02-19 16:05:06', 70),
(281, '2022-05-23 18:11:37', 13),
(282, '2022-08-16 20:43:45', 42),
(283, '2022-09-22 12:52:51', 36),
(284, '2022-11-18 23:38:48', 70),
(285, '2022-07-28 20:08:42', 63),
(286, '2022-01-03 03:17:34', 6),
(287, '2022-08-01 14:47:54', 42),
(288, '2022-12-12 04:46:48', 18),
(289, '2022-06-01 18:55:27', 80),
(290, '2022-07-30 08:30:38', 5),
(291, '2022-10-18 20:50:41', 89),
(292, '2022-11-12 13:40:32', 58),
(293, '2022-10-11 01:00:38', 79),
(294, '2022-12-06 08:40:38', 59),
(295, '2022-09-04 21:32:00', 18),
(296, '2022-04-15 00:04:38', 91),
(297, '2022-05-19 06:10:47', 95),
(298, '2022-03-06 00:10:50', 89),
(299, '2022-01-18 00:53:34', 58),
(300, '2021-12-24 21:47:35', 39),
(301, '2022-08-02 22:27:02', 54),
(302, '2022-08-24 19:26:40', 8),
(303, '2022-10-10 19:00:00', 76),
(304, '2022-08-25 15:00:36', 19),
(305, '2022-08-07 06:51:48', 79),
(306, '2022-11-21 19:14:42', 68),
(307, '2022-04-05 06:50:45', 52),
(308, '2022-01-27 11:03:39', 79),
(309, '2022-11-22 06:03:05', 3),
(310, '2022-09-27 05:52:32', 87),
(311, '2022-08-19 05:11:24', 77),
(312, '2022-10-04 16:32:17', 57),
(313, '2022-07-03 08:15:33', 43),
(314, '2022-09-02 01:59:45', 51),
(315, '2022-07-30 00:18:02', 11),
(316, '2022-08-25 11:45:53', 34),
(317, '2022-01-19 10:20:18', 30),
(318, '2022-09-03 13:13:15', 53),
(319, '2022-01-24 01:46:38', 49),
(320, '2022-01-28 05:23:00', 28),
(321, '2022-01-20 11:04:41', 13),
(322, '2022-06-24 13:11:27', 34),
(323, '2022-12-10 21:31:14', 89),
(324, '2022-08-30 18:19:08', 6),
(325, '2022-04-09 17:11:40', 10),
(326, '2022-06-29 11:02:19', 49),
(327, '2022-11-12 20:44:52', 37),
(328, '2022-03-03 09:57:57', 72),
(329, '2022-01-27 05:59:34', 37),
(330, '2022-01-16 12:41:28', 60),
(331, '2022-10-11 10:34:20', 22),
(332, '2022-05-26 14:22:20', 93),
(333, '2022-10-08 22:01:07', 46),
(334, '2022-05-27 00:09:30', 45),
(335, '2022-02-08 03:12:25', 95),
(336, '2022-01-03 16:55:38', 89),
(337, '2022-03-04 10:14:55', 81),
(338, '2022-01-21 23:25:37', 41),
(339, '2022-08-27 08:28:32', 95),
(340, '2022-05-15 08:32:42', 66),
(341, '2022-03-20 06:17:56', 20),
(342, '2022-04-01 16:24:57', 3),
(343, '2021-12-20 02:48:08', 12),
(344, '2022-01-03 20:39:50', 61),
(345, '2022-01-11 22:34:39', 2),
(346, '2022-10-17 05:22:52', 54),
(347, '2022-08-27 14:35:18', 35),
(348, '2022-01-11 08:05:12', 81),
(349, '2022-02-13 11:14:27', 45),
(350, '2022-02-14 14:27:09', 79),
(351, '2022-11-28 20:24:49', 81),
(352, '2022-05-24 09:25:56', 94),
(353, '2022-04-28 09:02:12', 33),
(354, '2022-11-01 14:23:42', 21),
(355, '2022-07-13 06:34:41', 87),
(356, '2022-04-16 14:24:39', 50),
(357, '2022-09-25 17:43:02', 50),
(358, '2022-09-06 09:40:32', 25),
(359, '2022-07-28 09:33:48', 79),
(360, '2022-09-13 04:53:38', 64),
(361, '2022-07-21 20:38:07', 38),
(362, '2022-11-27 11:49:29', 62),
(363, '2022-11-26 08:47:24', 93),
(364, '2022-05-29 22:32:39', 28),
(365, '2022-03-02 00:16:46', 72),
(366, '2021-12-27 03:28:29', 36),
(367, '2022-03-06 07:53:55', 20),
(368, '2022-05-13 07:53:18', 36),
(369, '2022-08-18 05:56:28', 54),
(370, '2022-05-05 10:15:06', 55),
(371, '2022-09-26 20:28:29', 21),
(372, '2022-08-12 08:44:43', 16),
(373, '2022-09-04 13:25:44', 44),
(374, '2022-09-30 02:36:15', 35),
(375, '2022-04-23 21:31:19', 79),
(376, '2022-10-07 19:16:18', 61),
(377, '2022-01-26 15:28:27', 20),
(378, '2022-03-27 13:54:56', 41),
(379, '2022-10-08 09:44:45', 77),
(380, '2022-12-04 19:14:55', 82),
(381, '2022-06-05 17:50:47', 64),
(382, '2022-06-10 22:34:41', 69),
(383, '2022-04-04 07:52:25', 41),
(384, '2022-01-27 00:20:22', 63),
(385, '2022-07-27 04:03:45', 85),
(386, '2022-10-10 11:36:49', 48),
(387, '2022-02-22 01:59:08', 18),
(388, '2022-12-04 23:28:31', 74),
(389, '2022-06-27 15:47:13', 59),
(390, '2022-04-07 12:34:00', 68),
(391, '2022-08-04 10:40:47', 56),
(392, '2022-09-22 11:15:54', 54),
(393, '2022-04-23 15:29:42', 72),
(394, '2022-11-30 02:26:09', 20),
(395, '2022-10-20 09:21:07', 29),
(396, '2022-08-04 21:25:02', 20),
(397, '2022-06-12 17:08:25', 36),
(398, '2022-05-12 09:14:17', 21),
(399, '2022-02-25 03:15:28', 60),
(400, '2022-02-20 02:46:32', 17),
(401, '2022-05-30 12:12:27', 34),
(402, '2022-03-18 10:40:36', 80),
(403, '2022-01-25 21:46:21', 72),
(404, '2022-02-10 01:28:38', 5),
(405, '2022-08-06 21:39:41', 37),
(406, '2022-01-21 06:03:49', 84),
(407, '2022-05-12 11:20:31', 40),
(408, '2021-12-31 11:03:59', 78),
(409, '2022-05-04 15:07:42', 18),
(410, '2022-05-08 04:50:16', 90),
(411, '2022-03-28 03:51:14', 76),
(412, '2022-09-25 02:31:04', 42),
(413, '2022-07-21 07:26:57', 87),
(414, '2022-02-05 16:26:17', 67),
(415, '2022-10-07 06:26:13', 29),
(416, '2022-07-06 20:09:41', 82),
(417, '2022-09-05 21:43:08', 33),
(418, '2022-08-23 21:02:40', 38),
(419, '2022-10-01 13:15:07', 58),
(420, '2022-02-04 16:55:59', 29),
(421, '2022-10-05 22:33:09', 89),
(422, '2022-11-05 18:38:27', 83),
(423, '2021-12-29 05:53:28', 44),
(424, '2022-03-21 09:51:22', 76),
(425, '2022-09-24 01:21:48', 72),
(426, '2022-01-29 09:53:01', 65),
(427, '2022-05-08 07:03:38', 5),
(428, '2022-03-14 03:23:08', 94),
(429, '2022-08-12 18:48:40', 23),
(430, '2022-01-19 20:41:52', 40),
(431, '2022-07-13 13:35:52', 73),
(432, '2022-07-25 14:37:56', 14),
(433, '2022-11-18 19:39:44', 16),
(434, '2022-02-25 14:09:47', 73),
(435, '2022-02-22 12:22:12', 30),
(436, '2022-01-28 11:30:46', 21),
(437, '2022-02-01 23:08:45', 28),
(438, '2022-06-15 07:29:20', 78),
(439, '2022-06-09 09:24:58', 22),
(440, '2022-02-19 12:11:43', 80),
(441, '2022-06-26 10:27:29', 19),
(442, '2022-08-13 01:10:36', 28),
(443, '2022-11-30 07:44:13', 39),
(444, '2022-06-30 04:42:54', 6),
(445, '2022-08-16 15:52:29', 67),
(446, '2022-04-21 22:47:58', 31),
(447, '2022-09-12 07:28:55', 12),
(448, '2022-07-07 10:32:12', 35),
(449, '2022-06-11 23:28:00', 11),
(450, '2022-06-10 09:26:41', 42),
(451, '2022-01-16 22:51:01', 60),
(452, '2022-09-15 16:34:27', 69),
(453, '2022-07-03 19:31:06', 73),
(454, '2022-09-23 23:20:43', 2),
(455, '2022-01-06 21:07:52', 6),
(456, '2022-04-10 11:52:48', 73),
(457, '2022-10-23 12:53:58', 60),
(458, '2022-04-12 16:55:38', 71),
(459, '2022-10-05 17:01:08', 84),
(460, '2022-09-13 20:32:29', 59),
(461, '2022-05-18 16:19:07', 29),
(462, '2022-04-01 09:18:12', 92),
(463, '2022-06-12 12:05:28', 53),
(464, '2022-04-24 18:25:59', 64),
(465, '2022-06-03 04:57:23', 31),
(466, '2022-11-15 09:43:30', 12),
(467, '2022-02-11 16:14:02', 25),
(468, '2021-12-29 14:44:58', 18),
(469, '2022-05-26 11:34:25', 58),
(470, '2022-08-17 14:36:01', 21),
(471, '2022-04-02 23:42:43', 66),
(472, '2022-01-02 08:20:59', 14),
(473, '2022-05-12 11:50:24', 21),
(474, '2022-06-16 05:02:04', 4),
(475, '2022-03-06 06:40:37', 61),
(476, '2022-06-20 11:38:55', 89),
(477, '2022-09-29 22:53:13', 39),
(478, '2022-03-13 14:37:32', 71),
(479, '2022-05-16 03:39:57', 50),
(480, '2022-05-15 18:16:24', 54),
(481, '2022-09-03 00:07:48', 21),
(482, '2022-12-12 19:07:53', 9),
(483, '2022-02-21 19:53:33', 15),
(484, '2022-06-18 15:18:31', 32),
(485, '2022-06-09 15:26:13', 79),
(486, '2022-11-01 03:44:19', 10),
(487, '2022-11-15 14:25:32', 61),
(488, '2022-10-06 01:21:17', 46),
(489, '2022-05-08 13:48:17', 24),
(490, '2022-04-16 14:19:47', 72),
(491, '2022-03-28 09:19:56', 22),
(492, '2022-10-09 00:54:22', 88),
(493, '2022-10-11 00:28:46', 29),
(494, '2022-10-04 12:18:19', 78),
(495, '2022-06-25 22:12:32', 87),
(496, '2022-10-16 12:48:08', 51),
(497, '2022-09-05 13:11:41', 30),
(498, '2022-03-08 08:53:10', 42),
(499, '2022-03-29 13:08:35', 23),
(500, '2022-01-05 09:34:02', 60),
(501, '2022-01-02 02:05:33', 40),
(502, '2022-03-09 10:30:40', 80),
(503, '2022-06-11 13:45:33', 43),
(504, '2022-03-10 14:33:19', 85),
(505, '2022-05-22 20:10:23', 17),
(506, '2022-11-15 00:54:16', 67),
(507, '2022-11-17 19:14:02', 25),
(508, '2022-08-11 16:35:28', 60),
(509, '2022-02-17 03:34:58', 72),
(510, '2022-04-27 14:36:30', 64),
(511, '2022-05-07 23:41:01', 63),
(512, '2022-03-13 11:49:55', 57),
(513, '2022-10-16 22:26:49', 26),
(514, '2022-08-26 04:57:57', 25),
(515, '2022-03-19 23:48:27', 78),
(516, '2022-09-01 05:06:02', 86),
(517, '2022-12-16 03:56:12', 46),
(518, '2022-02-24 22:33:23', 90),
(519, '2022-10-16 03:55:01', 49),
(520, '2022-04-05 09:57:52', 45),
(521, '2022-05-05 11:58:19', 82),
(522, '2021-12-24 03:35:08', 57),
(523, '2022-08-16 22:03:37', 85),
(524, '2022-11-09 23:04:48', 43),
(525, '2022-04-15 18:49:42', 81),
(526, '2022-04-05 04:44:20', 75),
(527, '2022-01-11 12:44:54', 68),
(528, '2022-03-26 13:02:08', 10),
(529, '2022-10-29 06:02:36', 57),
(530, '2022-02-03 01:29:48', 82),
(531, '2022-01-08 00:25:08', 89),
(532, '2022-11-15 09:05:06', 88),
(533, '2022-09-09 14:38:35', 53),
(534, '2022-05-07 17:12:02', 83),
(535, '2022-07-16 21:12:46', 20),
(536, '2022-05-03 03:40:02', 38),
(537, '2022-07-10 04:28:33', 66),
(538, '2022-12-15 13:13:04', 45),
(539, '2022-07-12 01:06:48', 70),
(540, '2022-04-25 04:55:17', 67),
(541, '2022-06-25 15:53:44', 24),
(542, '2022-06-25 21:56:35', 8),
(543, '2022-05-21 21:37:18', 9),
(544, '2022-09-22 10:57:43', 9),
(545, '2022-02-27 04:23:14', 36),
(546, '2022-08-21 10:19:57', 68),
(547, '2022-05-11 08:02:38', 61),
(548, '2022-04-04 16:48:54', 81),
(549, '2022-04-21 15:14:42', 91),
(550, '2022-01-04 04:08:10', 17),
(551, '2022-10-21 11:08:00', 65),
(552, '2022-10-03 08:55:48', 66),
(553, '2022-06-25 08:18:09', 36),
(554, '2022-12-08 11:35:54', 75),
(555, '2022-10-15 02:44:33', 45),
(556, '2022-07-16 08:05:28', 32),
(557, '2022-07-23 09:27:12', 8),
(558, '2022-11-20 02:54:28', 52),
(559, '2022-08-13 04:58:09', 28),
(560, '2022-12-07 07:01:01', 21),
(561, '2022-06-06 15:22:07', 90),
(562, '2022-01-26 14:26:22', 10),
(563, '2022-11-08 07:32:14', 90),
(564, '2022-02-27 12:14:14', 22),
(565, '2022-11-27 23:57:51', 80),
(566, '2022-10-19 10:01:32', 44),
(567, '2022-04-04 18:44:32', 59),
(568, '2022-11-24 06:16:04', 33),
(569, '2022-08-25 15:03:25', 53),
(570, '2022-11-22 19:55:36', 80),
(571, '2022-08-25 08:09:40', 91),
(572, '2022-01-24 08:50:49', 60),
(573, '2022-08-11 08:30:34', 3),
(574, '2022-10-26 21:26:39', 36),
(575, '2022-05-28 14:05:50', 43),
(576, '2022-04-26 19:49:25', 26),
(577, '2022-11-28 02:11:30', 39),
(578, '2022-08-22 04:50:01', 50),
(579, '2021-12-18 01:53:26', 45),
(580, '2022-09-03 12:53:10', 47),
(581, '2022-02-16 22:49:16', 33),
(582, '2022-09-05 10:16:37', 50),
(583, '2022-03-08 16:24:55', 6),
(584, '2022-05-23 16:50:47', 37),
(585, '2022-01-15 16:43:48', 78),
(586, '2022-01-07 09:10:06', 68),
(587, '2022-08-07 13:03:03', 25),
(588, '2022-12-03 09:41:50', 34),
(589, '2022-09-27 10:17:03', 12),
(590, '2022-09-23 13:47:39', 77),
(591, '2022-10-23 14:52:07', 90),
(592, '2022-03-06 06:07:21', 58),
(593, '2022-10-29 04:58:40', 22),
(594, '2022-03-17 11:16:46', 65),
(595, '2022-12-12 12:09:23', 22),
(596, '2021-12-28 10:02:42', 76),
(597, '2022-10-22 02:49:04', 39),
(598, '2022-01-14 04:09:41', 43),
(599, '2022-01-13 17:45:39', 19),
(600, '2022-08-21 21:13:14', 18),
(601, '2022-12-10 20:29:05', 38),
(602, '2022-10-28 01:05:51', 14),
(603, '2022-12-03 10:27:35', 63),
(604, '2022-11-17 13:37:34', 83),
(605, '2022-06-26 18:42:40', 82),
(606, '2022-02-15 03:20:50', 9),
(607, '2022-12-14 02:18:56', 75),
(608, '2022-05-30 06:59:00', 26),
(609, '2022-04-07 09:38:46', 61),
(610, '2022-03-14 21:31:05', 31),
(611, '2022-03-10 00:40:18', 94),
(612, '2022-06-07 06:45:32', 21),
(613, '2022-05-10 15:19:41', 26),
(614, '2022-03-13 01:21:27', 15),
(615, '2022-09-17 18:58:39', 35),
(616, '2022-10-19 05:56:40', 1),
(617, '2022-02-03 18:06:09', 48),
(618, '2022-10-20 16:02:46', 35),
(619, '2022-01-18 20:50:19', 95),
(620, '2022-11-30 20:22:40', 89),
(621, '2022-04-28 05:14:55', 61),
(622, '2022-12-03 03:17:33', 62),
(623, '2022-02-26 09:20:40', 70),
(624, '2022-04-16 20:02:27', 70),
(625, '2022-01-11 13:52:45', 3),
(626, '2022-07-07 08:54:38', 67),
(627, '2022-09-10 12:38:04', 10),
(628, '2022-11-25 10:05:02', 66),
(629, '2022-05-21 21:28:46', 63),
(630, '2022-09-12 14:50:11', 56),
(631, '2022-09-04 06:43:59', 75),
(632, '2022-05-27 19:26:44', 33),
(633, '2022-05-22 04:54:19', 22),
(634, '2022-11-25 00:08:17', 38),
(635, '2022-02-13 11:45:20', 35),
(636, '2022-02-16 15:16:08', 22),
(637, '2022-10-11 05:25:45', 14),
(638, '2022-09-18 04:24:46', 6),
(639, '2022-05-24 17:49:54', 54),
(640, '2022-01-13 17:46:07', 59),
(641, '2022-02-10 17:44:28', 73),
(642, '2022-09-03 20:29:39', 13),
(643, '2022-01-24 11:21:03', 75),
(644, '2022-07-22 14:29:30', 60),
(645, '2022-04-27 18:33:43', 13),
(646, '2022-06-15 03:59:06', 69),
(647, '2021-12-31 01:04:25', 38),
(648, '2022-07-29 17:40:56', 23),
(649, '2022-12-11 16:03:33', 75),
(650, '2022-05-28 12:39:09', 58),
(651, '2022-07-24 05:36:01', 16),
(652, '2022-10-02 03:24:07', 80),
(653, '2022-07-20 05:16:38', 34),
(654, '2022-06-10 05:15:55', 68),
(655, '2022-09-24 19:43:42', 25),
(656, '2021-12-28 19:26:19', 25),
(657, '2022-07-19 23:54:02', 90),
(658, '2022-02-01 23:25:36', 76),
(659, '2022-04-18 06:20:27', 36),
(660, '2022-08-19 06:45:53', 54),
(661, '2022-10-06 18:07:15', 48),
(662, '2022-01-04 01:00:33', 51),
(663, '2022-08-31 13:22:11', 31),
(664, '2022-01-28 20:22:05', 36),
(665, '2022-06-20 04:18:20', 70),
(666, '2022-10-14 07:17:01', 8),
(667, '2022-07-06 21:32:37', 94),
(668, '2022-01-30 18:14:03', 24),
(669, '2022-04-27 12:01:49', 76),
(670, '2022-03-02 16:14:09', 27),
(671, '2022-09-06 22:21:03', 78),
(672, '2022-03-16 06:28:33', 6),
(673, '2022-08-20 00:56:02', 38),
(674, '2022-11-12 15:03:06', 92),
(675, '2022-06-27 19:57:40', 14),
(676, '2022-05-10 17:57:01', 67),
(677, '2022-01-02 08:35:30', 58),
(678, '2022-11-29 20:19:17', 36),
(679, '2022-02-24 10:39:20', 64),
(680, '2022-08-16 17:17:36', 8),
(681, '2022-10-14 05:43:36', 7),
(682, '2021-12-20 04:53:12', 62),
(683, '2022-10-12 08:53:55', 41),
(684, '2022-07-06 05:47:19', 51),
(685, '2022-10-08 22:16:06', 85),
(686, '2022-05-19 15:39:09', 1),
(687, '2022-05-13 07:48:37', 44),
(688, '2022-03-10 19:43:18', 22),
(689, '2022-05-25 05:55:53', 78),
(690, '2022-08-26 17:48:24', 40),
(691, '2022-05-29 21:27:54', 17),
(692, '2022-08-31 12:08:40', 43),
(693, '2022-10-13 15:10:44', 32),
(694, '2022-10-12 19:51:25', 41),
(695, '2022-07-16 03:01:05', 27),
(696, '2022-06-25 02:24:07', 30),
(697, '2022-05-30 10:20:12', 72),
(698, '2022-03-21 13:10:01', 12),
(699, '2022-04-25 17:51:37', 42),
(700, '2022-04-19 20:02:00', 85),
(701, '2022-08-25 10:48:06', 8),
(702, '2022-11-21 07:41:51', 75),
(703, '2022-03-24 07:15:34', 47),
(704, '2022-09-05 15:50:42', 15),
(705, '2022-07-22 16:25:57', 41),
(706, '2022-12-17 00:50:18', 11),
(707, '2022-07-29 17:32:33', 78),
(708, '2022-03-11 05:48:04', 64),
(709, '2022-02-03 03:20:55', 79),
(710, '2022-08-22 22:00:32', 30),
(711, '2022-03-29 23:49:46', 4),
(712, '2022-09-10 08:35:12', 9),
(713, '2022-08-20 06:54:41', 66),
(714, '2022-04-08 20:30:57', 19),
(715, '2022-11-01 06:07:28', 42),
(716, '2022-11-10 11:01:25', 41),
(717, '2022-10-28 19:28:47', 76),
(718, '2022-08-30 16:04:10', 95),
(719, '2022-11-23 21:26:45', 10),
(720, '2022-07-01 03:14:25', 33),
(721, '2022-03-31 23:11:53', 46),
(722, '2022-05-24 04:41:24', 78),
(723, '2022-09-29 11:00:06', 70),
(724, '2022-01-03 00:38:13', 4),
(725, '2022-01-29 22:08:15', 90),
(726, '2022-10-21 02:06:02', 49),
(727, '2022-04-24 13:49:39', 59),
(728, '2022-08-19 13:02:56', 32),
(729, '2022-06-05 01:38:10', 22),
(730, '2022-06-15 17:22:44', 95),
(731, '2022-09-24 20:00:00', 40),
(732, '2022-12-13 00:52:58', 56),
(733, '2022-05-05 02:33:06', 67),
(734, '2022-08-25 15:08:53', 14),
(735, '2022-03-15 19:15:46', 63),
(736, '2022-11-17 01:20:43', 27),
(737, '2022-02-13 18:26:31', 69),
(738, '2022-02-22 03:28:58', 19),
(739, '2022-04-28 21:48:14', 81),
(740, '2022-09-07 14:10:46', 92),
(741, '2022-06-12 17:30:45', 72),
(742, '2022-09-22 09:14:06', 90),
(743, '2022-06-21 14:18:46', 34),
(744, '2022-04-20 07:03:02', 72),
(745, '2022-11-28 21:40:43', 34),
(746, '2022-03-26 01:10:23', 77),
(747, '2022-01-30 20:17:07', 86),
(748, '2022-08-11 09:51:57', 89),
(749, '2022-01-08 16:29:57', 11),
(750, '2022-09-19 05:00:39', 1),
(751, '2022-02-17 20:56:06', 59),
(752, '2022-09-12 02:58:37', 26),
(753, '2022-02-02 08:43:24', 91),
(754, '2022-07-19 12:42:46', 95),
(755, '2021-12-21 07:48:34', 71),
(756, '2022-08-29 22:11:20', 54),
(757, '2022-04-28 13:24:48', 31),
(758, '2022-03-27 21:37:35', 83),
(759, '2022-07-11 14:04:18', 75),
(760, '2022-11-25 18:06:46', 65),
(761, '2022-08-12 11:48:08', 25),
(762, '2022-08-12 20:46:44', 15),
(763, '2022-07-05 21:20:30', 75),
(764, '2022-10-17 21:15:08', 82),
(765, '2021-12-26 17:22:18', 64),
(766, '2022-06-21 22:46:21', 14),
(767, '2022-03-15 22:22:40', 60),
(768, '2022-07-14 17:04:03', 73),
(769, '2022-10-09 11:06:01', 93),
(770, '2022-12-18 23:34:35', 1),
(771, '2022-10-22 01:04:45', 2),
(772, '2022-04-19 16:42:14', 67),
(773, '2022-10-24 19:03:45', 78),
(774, '2022-07-18 19:09:23', 28),
(775, '2022-11-03 13:05:40', 1),
(776, '2022-03-02 19:46:13', 34),
(777, '2022-07-04 03:07:23', 52),
(778, '2022-11-22 02:52:45', 49),
(779, '2022-02-23 19:22:17', 84),
(780, '2022-03-09 03:46:54', 34),
(781, '2022-08-08 15:52:47', 39),
(782, '2022-10-08 01:39:11', 83),
(783, '2022-12-14 23:14:59', 56),
(784, '2022-08-24 07:17:31', 55),
(785, '2022-03-23 23:47:26', 85),
(786, '2022-07-26 17:39:35', 12),
(787, '2021-12-21 17:42:12', 63),
(788, '2022-07-06 15:46:58', 42),
(789, '2022-11-13 09:41:54', 45),
(790, '2022-11-29 03:56:37', 43),
(791, '2022-08-13 16:26:17', 33),
(792, '2022-04-19 12:55:36', 27),
(793, '2022-04-08 18:50:10', 54),
(794, '2022-12-09 20:12:55', 94),
(795, '2022-10-11 04:57:55', 81),
(796, '2022-04-20 02:04:36', 30),
(797, '2022-01-21 09:01:03', 31),
(798, '2022-10-05 02:59:22', 76),
(799, '2022-01-26 02:54:30', 23),
(800, '2022-05-23 01:35:06', 3),
(801, '2022-01-12 02:59:15', 94),
(802, '2022-12-10 00:08:55', 88),
(803, '2022-05-19 23:25:44', 60),
(804, '2022-03-22 12:42:10', 72),
(805, '2022-11-07 09:52:28', 55),
(806, '2022-06-03 05:06:17', 54),
(807, '2022-06-17 02:21:45', 27),
(808, '2022-04-02 19:11:34', 15),
(809, '2022-04-07 20:02:35', 17),
(810, '2022-01-21 01:31:04', 30),
(811, '2022-10-26 08:29:56', 1),
(812, '2022-06-23 03:49:23', 57),
(813, '2022-05-25 12:52:06', 29),
(814, '2022-10-09 00:58:12', 22),
(815, '2022-12-07 03:55:38', 59),
(816, '2022-12-09 00:47:03', 12),
(817, '2022-09-13 20:41:45', 44),
(818, '2022-02-28 08:51:51', 71),
(819, '2022-02-22 03:06:29', 61),
(820, '2022-01-07 13:21:45', 24),
(821, '2022-10-27 12:04:56', 37),
(822, '2022-01-04 14:01:53', 40),
(823, '2022-11-03 01:37:57', 20),
(824, '2022-08-16 21:24:17', 85),
(825, '2022-09-07 01:09:17', 59),
(826, '2022-07-17 21:03:04', 55),
(827, '2022-02-07 10:33:06', 86),
(828, '2022-07-25 10:03:12', 42),
(829, '2022-06-16 19:34:30', 25),
(830, '2022-06-18 18:09:42', 2),
(831, '2022-11-11 21:52:57', 31),
(832, '2022-03-06 10:12:25', 9),
(833, '2022-02-01 00:14:45', 4),
(834, '2022-04-12 03:11:32', 45),
(835, '2022-06-18 06:17:57', 7),
(836, '2022-04-08 15:04:32', 37),
(837, '2022-04-12 22:54:57', 4),
(838, '2022-10-02 01:47:25', 57),
(839, '2022-11-11 09:16:38', 50),
(840, '2022-02-03 00:08:52', 48),
(841, '2022-04-19 13:33:51', 51),
(842, '2022-07-28 04:36:44', 20),
(843, '2022-05-20 19:34:05', 56),
(844, '2022-05-22 20:54:10', 47),
(845, '2022-08-20 15:21:02', 40),
(846, '2022-01-19 02:38:46', 49),
(847, '2022-07-22 00:35:22', 68),
(848, '2022-05-15 03:33:00', 54),
(849, '2022-12-14 08:28:41', 30),
(850, '2022-12-12 04:30:54', 67),
(851, '2022-10-05 23:57:40', 95),
(852, '2022-08-12 04:16:44', 24),
(853, '2022-08-18 18:46:11', 43),
(854, '2022-11-12 03:37:57', 56),
(855, '2022-05-10 17:58:19', 56),
(856, '2021-12-31 15:26:40', 42),
(857, '2022-02-02 19:36:43', 12),
(858, '2022-04-25 09:45:16', 1),
(859, '2022-09-28 04:48:25', 61),
(860, '2022-11-13 16:27:11', 25),
(861, '2022-12-02 16:04:15', 69),
(862, '2022-05-23 08:07:16', 61),
(863, '2022-12-01 23:21:58', 84),
(864, '2022-11-21 09:13:48', 19),
(865, '2022-12-13 03:57:13', 74),
(866, '2021-12-25 05:16:55', 20),
(867, '2022-01-30 03:58:53', 88),
(868, '2022-07-24 16:50:10', 70),
(869, '2022-03-18 19:39:50', 39),
(870, '2022-11-01 11:01:18', 17),
(871, '2022-05-01 22:44:55', 71),
(872, '2022-10-17 04:16:58', 39),
(873, '2022-10-12 09:48:39', 24),
(874, '2022-03-15 11:28:51', 42),
(875, '2022-08-10 13:37:23', 10),
(876, '2022-06-14 20:57:11', 89),
(877, '2022-09-28 08:20:14', 93),
(878, '2022-03-24 22:08:10', 10),
(879, '2022-12-17 12:42:57', 35),
(880, '2022-08-26 21:53:50', 17),
(881, '2022-01-09 13:20:38', 39),
(882, '2022-03-29 22:59:01', 37),
(883, '2022-02-04 10:19:45', 88),
(884, '2022-02-15 13:27:18', 28),
(885, '2022-01-05 14:06:32', 85),
(886, '2022-02-01 14:26:08', 81),
(887, '2022-02-02 05:37:42', 57),
(888, '2022-08-28 12:42:35', 76),
(889, '2022-11-06 12:05:31', 90),
(890, '2022-11-17 15:01:44', 48),
(891, '2022-02-05 06:37:56', 68),
(892, '2022-01-05 14:33:32', 51),
(893, '2022-01-14 16:18:14', 65),
(894, '2022-03-08 09:34:07', 2),
(895, '2022-05-23 22:46:52', 40),
(896, '2022-10-24 18:18:33', 80),
(897, '2022-06-19 08:27:21', 45),
(898, '2022-09-26 17:04:53', 64),
(899, '2022-09-22 20:34:48', 92),
(900, '2022-04-11 11:52:23', 62),
(901, '2022-01-30 21:22:34', 9),
(902, '2022-08-15 13:35:49', 84),
(903, '2022-09-05 01:18:59', 6),
(904, '2022-03-04 04:53:08', 54),
(905, '2022-08-21 18:51:25', 92),
(906, '2022-10-09 13:23:08', 39),
(907, '2022-08-02 16:49:33', 58),
(908, '2022-01-03 09:15:01', 14),
(909, '2022-10-07 00:32:38', 15),
(910, '2022-09-18 05:41:32', 29),
(911, '2022-09-12 05:05:47', 65),
(912, '2022-02-03 21:26:37', 7),
(913, '2022-12-05 22:11:08', 88),
(914, '2022-08-09 19:30:59', 12),
(915, '2022-01-30 11:04:54', 76),
(916, '2022-09-12 23:41:19', 59),
(917, '2022-02-20 13:41:13', 33),
(918, '2022-04-27 11:04:56', 8),
(919, '2022-07-16 05:34:19', 26),
(920, '2022-12-14 15:36:53', 56),
(921, '2021-12-29 16:17:35', 4),
(922, '2022-08-22 11:13:48', 52),
(923, '2022-11-25 05:03:26', 12),
(924, '2022-08-14 16:44:00', 73),
(925, '2022-12-19 01:33:34', 11),
(926, '2022-11-13 13:37:08', 10),
(927, '2022-09-19 20:48:03', 63),
(928, '2022-09-15 18:11:02', 34),
(929, '2022-12-07 02:26:27', 48),
(930, '2022-05-27 20:45:00', 54),
(931, '2022-08-27 16:12:23', 79),
(932, '2022-08-27 16:45:04', 83),
(933, '2022-08-20 14:03:58', 70),
(934, '2022-10-20 07:46:03', 60),
(935, '2022-07-01 18:47:31', 81),
(936, '2022-08-29 20:53:21', 54),
(937, '2022-03-23 13:25:09', 69),
(938, '2022-01-09 12:12:36', 92),
(939, '2022-04-19 01:05:28', 63),
(940, '2022-12-10 01:57:38', 76),
(941, '2022-04-03 21:26:43', 56),
(942, '2022-08-02 00:02:36', 26),
(943, '2022-09-01 15:25:32', 3),
(944, '2021-12-23 08:42:25', 39),
(945, '2022-12-08 23:06:40', 80),
(946, '2022-07-18 23:44:17', 79),
(947, '2022-07-18 08:08:01', 60),
(948, '2022-05-12 18:11:25', 1),
(949, '2022-05-11 01:16:31', 52),
(950, '2022-02-28 01:01:22', 12),
(951, '2022-09-30 03:23:25', 5),
(952, '2022-04-27 15:01:23', 44),
(953, '2022-07-24 17:22:28', 30),
(954, '2022-03-08 07:21:40', 76),
(955, '2022-07-02 01:37:50', 29),
(956, '2022-02-09 00:15:24', 33),
(957, '2022-12-16 14:55:52', 79),
(958, '2022-10-21 04:17:47', 76),
(959, '2022-05-06 06:59:00', 69),
(960, '2021-12-30 23:47:13', 60),
(961, '2022-03-13 18:25:39', 51),
(962, '2022-06-16 18:02:24', 18),
(963, '2022-03-03 07:57:51', 68),
(964, '2022-04-22 19:19:40', 82),
(965, '2022-03-04 04:18:30', 82),
(966, '2022-11-24 20:45:23', 75),
(967, '2022-07-09 23:03:50', 31),
(968, '2022-08-19 22:00:27', 95),
(969, '2022-05-11 09:30:29', 75),
(970, '2022-10-06 05:51:18', 24),
(971, '2022-01-20 23:38:53', 83),
(972, '2022-06-16 19:12:47', 34),
(973, '2022-02-21 17:56:53', 82),
(974, '2022-09-08 04:29:59', 43),
(975, '2022-07-20 20:29:49', 89),
(976, '2022-04-21 12:44:08', 11),
(977, '2022-03-04 15:43:12', 73),
(978, '2022-03-29 14:51:17', 80),
(979, '2022-01-04 09:21:48', 77),
(980, '2022-01-30 13:13:27', 68),
(981, '2022-08-19 14:51:40', 76),
(982, '2022-10-18 20:03:43', 53),
(983, '2022-09-28 18:40:23', 47),
(984, '2022-03-02 21:15:45', 18),
(985, '2022-11-21 23:56:00', 42),
(986, '2022-01-20 16:31:42', 59),
(987, '2022-06-26 22:04:47', 33),
(988, '2022-09-11 20:38:48', 54),
(989, '2022-04-29 22:09:07', 60),
(990, '2022-07-10 01:08:03', 64),
(991, '2022-08-23 00:57:19', 50),
(992, '2022-04-09 18:40:51', 7),
(993, '2022-09-20 20:45:04', 50),
(994, '2022-07-04 18:52:07', 53),
(995, '2022-04-13 13:59:15', 85),
(996, '2022-09-14 00:11:16', 11),
(997, '2022-08-26 22:23:51', 76),
(998, '2022-09-05 04:33:08', 43),
(999, '2022-11-22 03:52:12', 95),
(1000, '2022-05-02 05:28:40', 36),
(1001, '2022-01-04 02:41:39', 87),
(1002, '2022-02-18 10:45:06', 84),
(1003, '2022-05-20 14:29:36', 89),
(1004, '2022-11-21 21:38:01', 3),
(1005, '2022-02-11 07:18:03', 27),
(1006, '2022-08-01 08:17:49', 70),
(1007, '2021-12-23 03:48:33', 85),
(1008, '2022-10-31 17:16:52', 49),
(1009, '2022-09-03 18:43:26', 81),
(1010, '2022-12-06 02:24:45', 71),
(1011, '2022-04-01 00:05:01', 74),
(1012, '2022-07-25 16:42:47', 45),
(1013, '2022-10-26 12:07:41', 93),
(1014, '2022-10-24 23:58:38', 37),
(1015, '2022-02-26 04:40:23', 94),
(1016, '2022-01-10 21:38:51', 3),
(1017, '2022-09-28 01:38:04', 45),
(1018, '2022-02-06 05:30:32', 47),
(1019, '2022-07-10 09:39:32', 10),
(1020, '2022-05-05 17:02:33', 8),
(1021, '2022-01-31 19:50:10', 49),
(1022, '2022-02-10 15:39:40', 75),
(1023, '2022-09-10 13:14:42', 58),
(1024, '2022-09-03 22:47:23', 2),
(1025, '2022-12-13 11:01:08', 2),
(1026, '2022-07-13 22:50:27', 78),
(1027, '2022-06-13 01:34:15', 21),
(1028, '2022-05-23 03:27:50', 84),
(1029, '2022-03-11 12:37:25', 83),
(1030, '2022-03-18 19:03:58', 44),
(1031, '2022-11-17 06:26:47', 75),
(1032, '2022-07-07 05:51:46', 71),
(1033, '2022-11-27 20:21:17', 18),
(1034, '2022-07-25 05:20:57', 82),
(1035, '2022-06-06 23:52:15', 64),
(1036, '2022-05-18 17:17:33', 35),
(1037, '2022-11-12 19:14:39', 7),
(1038, '2022-11-05 01:34:59', 78),
(1039, '2022-05-21 18:54:49', 45),
(1040, '2022-12-12 02:45:21', 71),
(1041, '2022-01-05 09:26:08', 37),
(1042, '2022-05-29 16:47:25', 61),
(1043, '2022-11-14 16:18:37', 44),
(1044, '2022-05-08 06:53:36', 43),
(1045, '2022-04-04 14:15:00', 68),
(1046, '2022-06-12 09:50:16', 7),
(1047, '2022-01-27 12:13:25', 91),
(1048, '2022-11-12 02:00:23', 19),
(1049, '2022-10-05 17:11:49', 43),
(1050, '2022-11-02 08:56:20', 42),
(1051, '2022-01-08 08:51:25', 20),
(1052, '2022-12-13 12:19:16', 42),
(1053, '2022-01-11 00:43:32', 54),
(1054, '2021-12-27 03:29:31', 29),
(1055, '2022-04-25 17:39:50', 70),
(1056, '2022-11-29 15:00:06', 64),
(1057, '2022-02-02 06:57:06', 54),
(1058, '2022-07-28 06:25:32', 17),
(1059, '2022-12-02 00:12:04', 24),
(1060, '2022-10-03 01:04:24', 51),
(1061, '2022-10-15 12:44:59', 67),
(1062, '2022-04-14 05:08:06', 33),
(1063, '2021-12-24 13:21:29', 79),
(1064, '2022-04-10 09:52:50', 74),
(1065, '2022-03-18 17:17:36', 72),
(1066, '2022-10-11 20:10:19', 34),
(1067, '2022-05-31 19:51:51', 79),
(1068, '2022-09-19 22:48:43', 92),
(1069, '2022-05-16 07:29:32', 95),
(1070, '2022-12-10 22:46:10', 9),
(1071, '2022-08-12 00:39:18', 91),
(1072, '2022-12-13 12:45:23', 18),
(1073, '2022-03-01 21:30:19', 19),
(1074, '2022-02-26 15:24:42', 18),
(1075, '2022-06-10 19:04:12', 95),
(1076, '2021-12-23 11:19:42', 95),
(1077, '2022-10-06 18:22:46', 87),
(1078, '2022-02-11 05:49:49', 90),
(1079, '2022-05-02 14:15:46', 30),
(1080, '2022-09-13 10:37:31', 28),
(1081, '2022-08-20 11:32:00', 43),
(1082, '2022-06-17 11:48:33', 78),
(1083, '2022-01-03 11:03:45', 31),
(1084, '2022-07-17 17:52:21', 11),
(1085, '2022-11-08 15:45:12', 30),
(1086, '2021-12-28 16:30:20', 64),
(1087, '2022-11-14 14:21:15', 39),
(1088, '2022-06-08 01:54:14', 74),
(1089, '2022-10-11 18:00:34', 37),
(1090, '2022-10-01 05:04:58', 34),
(1091, '2022-08-18 01:54:17', 20),
(1092, '2022-02-21 14:09:33', 32),
(1093, '2022-10-05 06:23:02', 23),
(1094, '2022-04-02 06:29:00', 17),
(1095, '2022-08-23 12:35:08', 1),
(1096, '2022-05-04 13:30:04', 65),
(1097, '2022-03-10 14:49:22', 71),
(1098, '2022-03-16 00:09:03', 65),
(1099, '2022-01-05 11:29:46', 54),
(1100, '2022-11-28 07:37:05', 27),
(1101, '2022-07-01 18:57:08', 89),
(1102, '2022-03-31 02:37:14', 43),
(1103, '2022-06-23 04:39:46', 39),
(1104, '2022-05-28 22:18:59', 73),
(1105, '2022-05-31 00:20:23', 70),
(1106, '2022-12-05 02:30:40', 73),
(1107, '2022-06-06 18:29:19', 4),
(1108, '2021-12-22 23:51:59', 68),
(1109, '2022-03-22 06:51:37', 62),
(1110, '2022-08-07 06:20:58', 50),
(1111, '2022-10-13 01:19:03', 37),
(1112, '2022-05-25 06:34:59', 40),
(1113, '2022-03-21 19:16:26', 48),
(1114, '2022-12-18 07:58:55', 34),
(1115, '2022-12-14 17:59:26', 17),
(1116, '2022-06-22 03:18:47', 20),
(1117, '2022-11-22 12:32:58', 40),
(1118, '2022-06-13 20:17:10', 13),
(1119, '2022-11-23 21:30:52', 80),
(1120, '2022-05-30 16:51:46', 20),
(1121, '2022-05-18 07:39:09', 16),
(1122, '2022-09-26 23:59:55', 44),
(1123, '2022-08-25 08:21:04', 39),
(1124, '2022-08-30 06:58:07', 42),
(1125, '2022-01-17 18:42:07', 22),
(1126, '2022-09-25 16:17:50', 36),
(1127, '2022-12-02 18:54:00', 50),
(1128, '2022-10-28 10:33:22', 1),
(1129, '2022-02-10 00:45:36', 88),
(1130, '2022-03-23 05:48:42', 15),
(1131, '2022-01-28 23:23:39', 2),
(1132, '2022-03-08 20:44:45', 27),
(1133, '2022-08-15 05:42:49', 34),
(1134, '2022-01-31 02:10:44', 5),
(1135, '2022-12-09 13:31:49', 44),
(1136, '2022-08-04 04:56:32', 55),
(1137, '2022-09-01 01:18:19', 89),
(1138, '2022-01-04 04:57:12', 86),
(1139, '2022-06-17 05:53:22', 45),
(1140, '2022-04-18 05:32:39', 95),
(1141, '2022-05-25 10:49:18', 65),
(1142, '2022-05-16 09:51:01', 69),
(1143, '2022-10-19 22:04:53', 67),
(1144, '2022-02-08 19:04:55', 61),
(1145, '2022-03-30 13:03:34', 7),
(1146, '2021-12-24 14:22:58', 4),
(1147, '2022-02-03 20:52:44', 5),
(1148, '2022-05-17 16:54:51', 74),
(1149, '2022-09-13 09:22:29', 72),
(1150, '2022-03-14 15:56:01', 52),
(1151, '2022-10-08 01:33:55', 92),
(1152, '2022-08-06 22:11:19', 91),
(1153, '2022-08-17 20:21:36', 71),
(1154, '2022-09-22 19:03:03', 11),
(1155, '2022-04-17 10:33:15', 6),
(1156, '2022-04-09 01:21:33', 22),
(1157, '2022-03-19 19:44:22', 90),
(1158, '2022-11-21 10:29:04', 26),
(1159, '2022-07-13 09:19:39', 59),
(1160, '2021-12-31 01:30:22', 1),
(1161, '2022-01-30 21:15:04', 77),
(1162, '2022-04-01 06:17:05', 86),
(1163, '2022-07-16 04:52:42', 35),
(1164, '2022-04-14 08:42:21', 95),
(1165, '2022-11-06 14:46:24', 79),
(1166, '2022-01-15 22:25:51', 72),
(1167, '2022-11-12 12:35:06', 74),
(1168, '2022-04-25 14:25:33', 18),
(1169, '2022-07-07 22:12:26', 43),
(1170, '2022-09-14 14:37:36', 78),
(1171, '2022-12-17 14:44:04', 13),
(1172, '2022-10-05 01:50:35', 39),
(1173, '2022-11-30 15:00:02', 57),
(1174, '2022-11-21 01:20:23', 80),
(1175, '2022-11-24 20:30:17', 94),
(1176, '2022-01-23 05:05:11', 43),
(1177, '2022-08-02 03:41:45', 47),
(1178, '2022-09-08 21:34:25', 16),
(1179, '2022-07-04 04:22:19', 46),
(1180, '2022-09-25 21:01:57', 2),
(1181, '2022-04-02 07:35:36', 54),
(1182, '2022-03-02 17:21:16', 1),
(1183, '2022-04-15 16:50:43', 79),
(1184, '2022-08-01 21:41:42', 67),
(1185, '2021-12-31 23:41:27', 47),
(1186, '2022-03-19 19:22:16', 90),
(1187, '2022-07-13 14:26:39', 40),
(1188, '2022-07-03 15:31:42', 78),
(1189, '2022-05-04 19:29:21', 71),
(1190, '2022-06-27 13:48:44', 59),
(1191, '2022-02-25 19:53:54', 35),
(1192, '2022-01-03 21:52:03', 81),
(1193, '2022-07-28 11:39:55', 58),
(1194, '2022-08-23 09:23:20', 84),
(1195, '2022-02-08 11:02:53', 36),
(1196, '2022-08-20 17:47:29', 43),
(1197, '2022-09-09 11:54:56', 83),
(1198, '2022-05-02 07:48:31', 54),
(1199, '2022-05-02 03:20:49', 13),
(1200, '2022-01-05 13:02:30', 40);

-- --------------------------------------------------------

--
-- Table structure for table `type`
--

CREATE TABLE `type` (
  `type_id` int(11) NOT NULL,
  `type_desc` varchar(50) NOT NULL
) ENGINE=InnoDB DEFAULT CHARSET=utf8mb4;

--
-- Dumping data for table `type`
--

INSERT INTO `type` (`type_id`, `type_desc`) VALUES
(1, 'Local Product'),
(2, 'Import Product');

-- --------------------------------------------------------

--
-- Stand-in structure for view `vw_category_diminati_setiap_customer`
-- (See below for the actual view)
--
CREATE TABLE `vw_category_diminati_setiap_customer` (
`category` varchar(50)
,`customer` varchar(100)
);

-- --------------------------------------------------------

--
-- Stand-in structure for view `vw_cust_maks_total_beli`
-- (See below for the actual view)
--
CREATE TABLE `vw_cust_maks_total_beli` (
`maks_total_beli` decimal(32,0)
);

-- --------------------------------------------------------

--
-- Stand-in structure for view `vw_daftar_jumlah_pembelian_customer_per_category`
-- (See below for the actual view)
--
CREATE TABLE `vw_daftar_jumlah_pembelian_customer_per_category` (
`customer_name` varchar(100)
,`category_name` varchar(50)
,`sum` decimal(32,0)
);

-- --------------------------------------------------------

--
-- Stand-in structure for view `vw_daftar_maks_jml_pembelian_customer_per_category`
-- (See below for the actual view)
--
CREATE TABLE `vw_daftar_maks_jml_pembelian_customer_per_category` (
`maks` decimal(32,0)
,`customer_name` varchar(100)
);

-- --------------------------------------------------------

--
-- Stand-in structure for view `vw_detail_prod_cat`
-- (See below for the actual view)
--
CREATE TABLE `vw_detail_prod_cat` (
`date` datetime
,`tr_id_cust` int(11)
,`detail_prod_id` int(11)
,`detail_trans_id` int(11)
,`detail_qty` int(11)
,`detail_price` int(11)
,`prod_desc` varchar(255)
,`category` int(11)
,`product_stock` int(11)
,`category_name` varchar(50)
);

-- --------------------------------------------------------

--
-- Stand-in structure for view `vw_sum_cust_total_beli`
-- (See below for the actual view)
--
CREATE TABLE `vw_sum_cust_total_beli` (
`cust_name` varchar(100)
,`cust_phone` varchar(20)
,`total_beli` decimal(32,0)
);

-- --------------------------------------------------------

--
-- Stand-in structure for view `vw_sum_detail_qty`
-- (See below for the actual view)
--
CREATE TABLE `vw_sum_detail_qty` (
`sum` decimal(32,0)
,`category_name` varchar(50)
);

-- --------------------------------------------------------

--
-- Stand-in structure for view `vw_total_order_and_item_sold_per_day`
-- (See below for the actual view)
--
CREATE TABLE `vw_total_order_and_item_sold_per_day` (
`date_order` varchar(10)
,`total_order` bigint(21)
,`total_item_sold` decimal(32,0)
);

-- --------------------------------------------------------

--
-- Structure for view `vw_category_diminati_setiap_customer`
--
DROP TABLE IF EXISTS `vw_category_diminati_setiap_customer`;

CREATE ALGORITHM=UNDEFINED DEFINER=`root`@`localhost` SQL SECURITY DEFINER VIEW `vw_category_diminati_setiap_customer`  AS SELECT `daftar`.`category_name` AS `category`, `daftar`.`customer_name` AS `customer` FROM (`vw_daftar_jumlah_pembelian_customer_per_category` `daftar` join `vw_daftar_maks_jml_pembelian_customer_per_category` `maks`) WHERE `daftar`.`customer_name` = `maks`.`customer_name` AND `daftar`.`sum` = `maks`.`maks``maks`  ;

-- --------------------------------------------------------

--
-- Structure for view `vw_cust_maks_total_beli`
--
DROP TABLE IF EXISTS `vw_cust_maks_total_beli`;

CREATE ALGORITHM=UNDEFINED DEFINER=`root`@`localhost` SQL SECURITY DEFINER VIEW `vw_cust_maks_total_beli`  AS SELECT max(`vw_sum_cust_total_beli`.`total_beli`) AS `maks_total_beli` FROM `vw_sum_cust_total_beli``vw_sum_cust_total_beli`  ;

-- --------------------------------------------------------

--
-- Structure for view `vw_daftar_jumlah_pembelian_customer_per_category`
--
DROP TABLE IF EXISTS `vw_daftar_jumlah_pembelian_customer_per_category`;

CREATE ALGORITHM=UNDEFINED DEFINER=`root`@`localhost` SQL SECURITY DEFINER VIEW `vw_daftar_jumlah_pembelian_customer_per_category`  AS SELECT `c`.`customer_name` AS `customer_name`, `c2`.`category_name` AS `category_name`, sum(`dt`.`detail_qty`) AS `sum` FROM ((((`transactions` join `detail_transaction` `dt` on(`transactions`.`transaction_id` = `dt`.`detail_trans_id`)) join `customer` `c` on(`transactions`.`id_customer` = `c`.`customer_id`)) join `products` `p` on(`dt`.`detail_prod_id` = `p`.`product_id`)) join `category` `c2` on(`p`.`category_id` = `c2`.`category_id`)) GROUP BY `c`.`customer_id`, `c2`.`category_name``category_name`  ;

-- --------------------------------------------------------

--
-- Structure for view `vw_daftar_maks_jml_pembelian_customer_per_category`
--
DROP TABLE IF EXISTS `vw_daftar_maks_jml_pembelian_customer_per_category`;

CREATE ALGORITHM=UNDEFINED DEFINER=`root`@`localhost` SQL SECURITY DEFINER VIEW `vw_daftar_maks_jml_pembelian_customer_per_category`  AS SELECT max(`daftar`.`sum`) AS `maks`, `daftar`.`customer_name` AS `customer_name` FROM `vw_daftar_jumlah_pembelian_customer_per_category` AS `daftar` GROUP BY `daftar`.`customer_name``customer_name`  ;

-- --------------------------------------------------------

--
-- Structure for view `vw_detail_prod_cat`
--
DROP TABLE IF EXISTS `vw_detail_prod_cat`;

CREATE ALGORITHM=UNDEFINED DEFINER=`root`@`localhost` SQL SECURITY DEFINER VIEW `vw_detail_prod_cat`  AS SELECT `tr`.`transaction_date` AS `date`, `tr`.`id_customer` AS `tr_id_cust`, `dt`.`detail_prod_id` AS `detail_prod_id`, `dt`.`detail_trans_id` AS `detail_trans_id`, `dt`.`detail_qty` AS `detail_qty`, `dt`.`detail_price` AS `detail_price`, `p`.`product_desc` AS `prod_desc`, `p`.`category_id` AS `category`, `p`.`product_stock` AS `product_stock`, `c`.`category_name` AS `category_name` FROM (((`transactions` `tr` join `detail_transaction` `dt` on(`tr`.`transaction_id` = `dt`.`detail_trans_id`)) join `products` `p` on(`dt`.`detail_prod_id` = `p`.`product_id`)) join `category` `c` on(`p`.`category_id` = `c`.`category_id`))  ;

-- --------------------------------------------------------

--
-- Structure for view `vw_sum_cust_total_beli`
--
DROP TABLE IF EXISTS `vw_sum_cust_total_beli`;

CREATE ALGORITHM=UNDEFINED DEFINER=`root`@`localhost` SQL SECURITY DEFINER VIEW `vw_sum_cust_total_beli`  AS SELECT `c`.`customer_name` AS `cust_name`, `c`.`customer_phone` AS `cust_phone`, sum(`dt`.`detail_price`) AS `total_beli` FROM ((`transactions` `t` join `detail_transaction` `dt` on(`t`.`transaction_id` = `dt`.`detail_trans_id`)) join `customer` `c` on(`t`.`id_customer` = `c`.`customer_id`)) GROUP BY `t`.`id_customer` ORDER BY sum(`dt`.`detail_price`) AS `DESCdesc` ASC  ;

-- --------------------------------------------------------

--
-- Structure for view `vw_sum_detail_qty`
--
DROP TABLE IF EXISTS `vw_sum_detail_qty`;

CREATE ALGORITHM=UNDEFINED DEFINER=`root`@`localhost` SQL SECURITY DEFINER VIEW `vw_sum_detail_qty`  AS SELECT sum(`vw_detail_prod_cat`.`detail_qty`) AS `sum`, `vw_detail_prod_cat`.`category_name` AS `category_name` FROM `vw_detail_prod_cat` GROUP BY `vw_detail_prod_cat`.`category_name` ORDER BY sum(`vw_detail_prod_cat`.`detail_qty`) ASC  ;

-- --------------------------------------------------------

--
-- Structure for view `vw_total_order_and_item_sold_per_day`
--
DROP TABLE IF EXISTS `vw_total_order_and_item_sold_per_day`;

CREATE ALGORITHM=UNDEFINED DEFINER=`root`@`localhost` SQL SECURITY DEFINER VIEW `vw_total_order_and_item_sold_per_day`  AS SELECT date_format(`transactions`.`transaction_date`,'%Y-%m-%d') AS `date_order`, count(distinct `transactions`.`transaction_id`) AS `total_order`, sum(`dt`.`detail_qty`) AS `total_item_sold` FROM (`transactions` join `detail_transaction` `dt` on(`transactions`.`transaction_id` = `dt`.`detail_trans_id`)) GROUP BY date_format(`transactions`.`transaction_date`,'%Y-%m-%d') ORDER BY date_format(`transactions`.`transaction_date`,'%Y-%m-%d') ASC  ;

--
-- Indexes for dumped tables
--

--
-- Indexes for table `category`
--
ALTER TABLE `category`
  ADD PRIMARY KEY (`category_id`);

--
-- Indexes for table `customer`
--
ALTER TABLE `customer`
  ADD PRIMARY KEY (`customer_id`);

--
-- Indexes for table `detail_transaction`
--
ALTER TABLE `detail_transaction`
  ADD PRIMARY KEY (`detail_trans_id`,`detail_prod_id`),
  ADD KEY `fk_detail_trans_prod` (`detail_prod_id`);

--
-- Indexes for table `employee`
--
ALTER TABLE `employee`
  ADD PRIMARY KEY (`employee_id`),
  ADD KEY `fk_employee_role` (`role_id`);

--
-- Indexes for table `products`
--
ALTER TABLE `products`
  ADD PRIMARY KEY (`product_id`),
  ADD KEY `fk_products_type` (`type_id`),
  ADD KEY `fk_products_category` (`category_id`);

--
-- Indexes for table `purchase`
--
ALTER TABLE `purchase`
  ADD PRIMARY KEY (`purchase_id`),
  ADD KEY `fk_purchase_supp` (`supplier_id`),
  ADD KEY `fk_purchase_empl` (`employee_id`),
  ADD KEY `fk_purchase_product` (`purchase_product_id`);

--
-- Indexes for table `role`
--
ALTER TABLE `role`
  ADD PRIMARY KEY (`role_id`);

--
-- Indexes for table `supplier`
--
ALTER TABLE `supplier`
  ADD PRIMARY KEY (`supplier_id`);

--
-- Indexes for table `transactions`
--
ALTER TABLE `transactions`
  ADD PRIMARY KEY (`transaction_id`),
  ADD KEY `fk_trans_cust` (`id_customer`);

--
-- Indexes for table `type`
--
ALTER TABLE `type`
  ADD PRIMARY KEY (`type_id`);

--
-- AUTO_INCREMENT for dumped tables
--

--
-- AUTO_INCREMENT for table `category`
--
ALTER TABLE `category`
  MODIFY `category_id` int(11) NOT NULL AUTO_INCREMENT, AUTO_INCREMENT=11;

--
-- AUTO_INCREMENT for table `customer`
--
ALTER TABLE `customer`
  MODIFY `customer_id` int(11) NOT NULL AUTO_INCREMENT, AUTO_INCREMENT=96;

--
-- AUTO_INCREMENT for table `employee`
--
ALTER TABLE `employee`
  MODIFY `employee_id` int(11) NOT NULL AUTO_INCREMENT, AUTO_INCREMENT=51;

--
-- AUTO_INCREMENT for table `products`
--
ALTER TABLE `products`
  MODIFY `product_id` int(11) NOT NULL AUTO_INCREMENT, AUTO_INCREMENT=201;

--
-- AUTO_INCREMENT for table `purchase`
--
ALTER TABLE `purchase`
  MODIFY `purchase_id` int(11) NOT NULL AUTO_INCREMENT, AUTO_INCREMENT=6;

--
-- AUTO_INCREMENT for table `role`
--
ALTER TABLE `role`
  MODIFY `role_id` int(11) NOT NULL AUTO_INCREMENT, AUTO_INCREMENT=5;

--
-- AUTO_INCREMENT for table `supplier`
--
ALTER TABLE `supplier`
  MODIFY `supplier_id` int(11) NOT NULL AUTO_INCREMENT, AUTO_INCREMENT=7;

--
-- AUTO_INCREMENT for table `transactions`
--
ALTER TABLE `transactions`
  MODIFY `transaction_id` int(11) NOT NULL AUTO_INCREMENT, AUTO_INCREMENT=1201;

--
-- AUTO_INCREMENT for table `type`
--
ALTER TABLE `type`
  MODIFY `type_id` int(11) NOT NULL AUTO_INCREMENT, AUTO_INCREMENT=3;

--
-- Constraints for dumped tables
--

--
-- Constraints for table `detail_transaction`
--
ALTER TABLE `detail_transaction`
  ADD CONSTRAINT `fk_detail_trans_prod` FOREIGN KEY (`detail_prod_id`) REFERENCES `products` (`product_id`),
  ADD CONSTRAINT `fk_detail_trans_trans` FOREIGN KEY (`detail_trans_id`) REFERENCES `transactions` (`transaction_id`);

--
-- Constraints for table `employee`
--
ALTER TABLE `employee`
  ADD CONSTRAINT `fk_employee_role` FOREIGN KEY (`role_id`) REFERENCES `role` (`role_id`);

--
-- Constraints for table `products`
--
ALTER TABLE `products`
  ADD CONSTRAINT `fk_products_category` FOREIGN KEY (`category_id`) REFERENCES `category` (`category_id`),
  ADD CONSTRAINT `fk_products_type` FOREIGN KEY (`type_id`) REFERENCES `type` (`type_id`);

--
-- Constraints for table `purchase`
--
ALTER TABLE `purchase`
  ADD CONSTRAINT `fk_purchase_empl` FOREIGN KEY (`employee_id`) REFERENCES `employee` (`employee_id`),
  ADD CONSTRAINT `fk_purchase_product` FOREIGN KEY (`purchase_product_id`) REFERENCES `products` (`product_id`),
  ADD CONSTRAINT `fk_purchase_supp` FOREIGN KEY (`supplier_id`) REFERENCES `supplier` (`supplier_id`);

--
-- Constraints for table `transactions`
--
ALTER TABLE `transactions`
  ADD CONSTRAINT `fk_trans_cust` FOREIGN KEY (`id_customer`) REFERENCES `customer` (`customer_id`);
COMMIT;

/*!40101 SET CHARACTER_SET_CLIENT=@OLD_CHARACTER_SET_CLIENT */;
/*!40101 SET CHARACTER_SET_RESULTS=@OLD_CHARACTER_SET_RESULTS */;
/*!40101 SET COLLATION_CONNECTION=@OLD_COLLATION_CONNECTION */;
